<environmentvariabledefinition schemaname="krishshr_HRGroupEmail">
  <defaultvalue>KrishTeamHr@CRM141234.onmicrosoft.com</defaultvalue>
  <description default="Variable to add HR team group email in the flows for notification">
    <label description="Variable to add HR team group email in the flows for notification" languagecode="1033" />
  </description>
  <displayname default="HR Group Email">
    <label description="HR Group Email" languagecode="1033" />
  </displayname>
  <introducedversion>1.0.0.0</introducedversion>
  <iscustomizable>1</iscustomizable>
  <isrequired>0</isrequired>
  <secretstore>0</secretstore>
  <type>100000000</type>
</environmentvariabledefinition>