<ImportExportXml version="9.2.25014.218" SolutionPackageVersion="9.2" languagecode="1033" generatedBy="CrmLive" xmlns:xsi="http://www.w3.org/2001/XMLSchema-instance" OrganizationVersion="9.2.25014.218" OrganizationSchemaType="Standard" CRMServerServiceabilityVersion="9.2.25014.00218">
  <SolutionManifest>
    <UniqueName>KrishSmartHR</UniqueName>
    <LocalizedNames>
      <LocalizedName description="KrishSmartHR" languagecode="1033" />
    </LocalizedNames>
    <Descriptions />
    <Version>1.0.0.1</Version>
    <Managed>1</Managed>
    <Publisher>
      <UniqueName>KrishsmartHR</UniqueName>
      <LocalizedNames>
        <LocalizedName description="KrishsmartHR" languagecode="1033" />
      </LocalizedNames>
      <Descriptions />
      <EMailAddress xsi:nil="true"></EMailAddress>
      <SupportingWebsiteUrl xsi:nil="true"></SupportingWebsiteUrl>
      <CustomizationPrefix>krishshr</CustomizationPrefix>
      <CustomizationOptionValuePrefix>95946</CustomizationOptionValuePrefix>
      <Addresses>
        <Address>
          <AddressNumber>1</AddressNumber>
          <AddressTypeCode>1</AddressTypeCode>
          <City xsi:nil="true"></City>
          <County xsi:nil="true"></County>
          <Country xsi:nil="true"></Country>
          <Fax xsi:nil="true"></Fax>
          <FreightTermsCode xsi:nil="true"></FreightTermsCode>
          <ImportSequenceNumber xsi:nil="true"></ImportSequenceNumber>
          <Latitude xsi:nil="true"></Latitude>
          <Line1 xsi:nil="true"></Line1>
          <Line2 xsi:nil="true"></Line2>
          <Line3 xsi:nil="true"></Line3>
          <Longitude xsi:nil="true"></Longitude>
          <Name xsi:nil="true"></Name>
          <PostalCode xsi:nil="true"></PostalCode>
          <PostOfficeBox xsi:nil="true"></PostOfficeBox>
          <PrimaryContactName xsi:nil="true"></PrimaryContactName>
          <ShippingMethodCode>1</ShippingMethodCode>
          <StateOrProvince xsi:nil="true"></StateOrProvince>
          <Telephone1 xsi:nil="true"></Telephone1>
          <Telephone2 xsi:nil="true"></Telephone2>
          <Telephone3 xsi:nil="true"></Telephone3>
          <TimeZoneRuleVersionNumber xsi:nil="true"></TimeZoneRuleVersionNumber>
          <UPSZone xsi:nil="true"></UPSZone>
          <UTCOffset xsi:nil="true"></UTCOffset>
          <UTCConversionTimeZoneCode xsi:nil="true"></UTCConversionTimeZoneCode>
        </Address>
        <Address>
          <AddressNumber>2</AddressNumber>
          <AddressTypeCode>1</AddressTypeCode>
          <City xsi:nil="true"></City>
          <County xsi:nil="true"></County>
          <Country xsi:nil="true"></Country>
          <Fax xsi:nil="true"></Fax>
          <FreightTermsCode xsi:nil="true"></FreightTermsCode>
          <ImportSequenceNumber xsi:nil="true"></ImportSequenceNumber>
          <Latitude xsi:nil="true"></Latitude>
          <Line1 xsi:nil="true"></Line1>
          <Line2 xsi:nil="true"></Line2>
          <Line3 xsi:nil="true"></Line3>
          <Longitude xsi:nil="true"></Longitude>
          <Name xsi:nil="true"></Name>
          <PostalCode xsi:nil="true"></PostalCode>
          <PostOfficeBox xsi:nil="true"></PostOfficeBox>
          <PrimaryContactName xsi:nil="true"></PrimaryContactName>
          <ShippingMethodCode>1</ShippingMethodCode>
          <StateOrProvince xsi:nil="true"></StateOrProvince>
          <Telephone1 xsi:nil="true"></Telephone1>
          <Telephone2 xsi:nil="true"></Telephone2>
          <Telephone3 xsi:nil="true"></Telephone3>
          <TimeZoneRuleVersionNumber xsi:nil="true"></TimeZoneRuleVersionNumber>
          <UPSZone xsi:nil="true"></UPSZone>
          <UTCOffset xsi:nil="true"></UTCOffset>
          <UTCConversionTimeZoneCode xsi:nil="true"></UTCConversionTimeZoneCode>
        </Address>
      </Addresses>
    </Publisher>
    <RootComponents>
      <RootComponent type="1" schemaName="krishshr_badges" behavior="0" />
      <RootComponent type="1" schemaName="krishshr_clientfeedback" behavior="0" />
      <RootComponent type="1" schemaName="krishshr_department" behavior="0" />
      <RootComponent type="1" schemaName="krishshr_employeeform" behavior="0" />
      <RootComponent type="1" schemaName="krishshr_smarthr" behavior="0" />
      <RootComponent type="1" schemaName="systemuser" behavior="0" />
      <RootComponent type="9" schemaName="krishshr_informhr" behavior="0" />
      <RootComponent type="9" schemaName="krishshr_sentiment" behavior="0" />
      <RootComponent type="9" schemaName="krishshr_sentimentalscore" behavior="0" />
      <RootComponent type="9" schemaName="krishshr_status" behavior="0" />
      <RootComponent type="20" id="{07f90adb-ccf2-ef11-be20-000d3a4f07d0}" behavior="0" />
      <RootComponent type="20" id="{58d89e48-55f4-ef11-be20-000d3a4f07d0}" behavior="0" />
      <RootComponent type="20" id="{bbef6150-cdf2-ef11-be20-000d3a4f07d0}" behavior="0" />
      <RootComponent type="29" id="{0299a0a5-f3f4-ef11-be1f-000d3a55d0e2}" behavior="0" />
      <RootComponent type="29" id="{52674cf0-31f4-ef11-be20-000d3a4f07d0}" behavior="0" />
      <RootComponent type="29" id="{8456e6a8-00f4-ef11-be20-000d3a4f07d0}" behavior="0" />
      <RootComponent type="29" id="{8db3cfc6-95f5-ef11-be1f-000d3a55d0e2}" behavior="0" />
      <RootComponent type="29" id="{a6b7bb64-52f3-ef11-be20-000d3a4f07d0}" behavior="0" />
      <RootComponent type="29" id="{d1e34ed9-66f3-ef11-be20-000d3a4f07d0}" behavior="0" />
      <RootComponent type="29" id="{eab7f48d-22f4-ef11-be20-000d3a4f07d0}" behavior="0" />
      <RootComponent type="29" id="{f38f19f0-6af3-ef11-be20-000d3a4f07d0}" behavior="0" />
      <RootComponent type="61" schemaName="krishshr_employeeName" behavior="0" />
      <RootComponent type="61" schemaName="krishshr_setLoggedInUser" behavior="0" />
      <RootComponent type="62" schemaName="krishshr_SmartHR" behavior="0" />
      <RootComponent type="80" schemaName="krishshr_SmartHR" behavior="0" />
    </RootComponents>
    <MissingDependencies>
      <MissingDependency>
        <Required type="1" schemaName="adx_webformsession" displayName="Multistep Form Session" solution="PowerPages_RuntimeCore (1.0.2407.1)">
          <package appName="Power Pages Core Package" version="1.0.2409.121">PowerPages_Core (1.0.2409.121)</package>
        </Required>
        <Dependent type="1" schemaName="systemuser" displayName="User" />
      </MissingDependency>
      <MissingDependency>
        <Required type="1" schemaName="appusersetting" displayName="Model-Driven App User Setting" solution="AppModule (9.2.2501.2501071)">
          <package appName="AppModule" version="9.2.2501.2501071">AppModuleSolutionAnchor (9.2.2501.2501071)</package>
        </Required>
        <Dependent type="1" schemaName="systemuser" displayName="User" />
      </MissingDependency>
      <MissingDependency>
        <Required type="1" schemaName="bot" displayName="Copilot" solution="PowerVirtualAgents (2025.1.1.16407410)">
          <package appName="CCI Bots" version="2024.9.5.15641493">msdynce_CustomerCareIntelligenceBots_Anchor (2024.9.5.15641493)</package>
          <package appName="CCI Bots" version="2024.11.4.16045192">msdynce_CustomerCareIntelligenceBots_Anchor (2024.11.4.16045192)</package>
        </Required>
        <Dependent type="1" schemaName="systemuser" displayName="User" />
      </MissingDependency>
      <MissingDependency>
        <Required type="1" schemaName="componentversion" displayName="Component Version" solution="msdyn_ComponentVersioning (9.1.0.196)">
          <package appName="Component Versioning Package" version="9.1.0.196">ComponentVersioning_Anchor (9.1.0.196)</package>
        </Required>
        <Dependent type="1" schemaName="systemuser" displayName="User" />
      </MissingDependency>
      <MissingDependency>
        <Required type="1" schemaName="msfp_survey" displayName="Customer Voice survey" solution="MicrosoftFormsPro (2.0.0.58)">
          <package appName="Forms Pro" version="2.0.0.58">MicrosoftFormsPro (2.0.0.58)</package>
        </Required>
        <Dependent type="1" schemaName="systemuser" displayName="User" />
      </MissingDependency>
      <MissingDependency>
        <Required type="1" schemaName="mspp_adplacement" displayName="Ad Placement" solution="PowerPages_Apps (1.0.2407.8)">
          <package appName="Power Pages Core Package" version="1.0.2409.121">PowerPages_Core (1.0.2409.121)</package>
        </Required>
        <Dependent type="1" schemaName="systemuser" displayName="User" />
      </MissingDependency>
      <MissingDependency>
        <Required type="1" schemaName="mspp_columnpermission" displayName="Column Permission" solution="PowerPages_Apps (1.0.2407.8)">
          <package appName="Power Pages Core Package" version="1.0.2409.121">PowerPages_Core (1.0.2409.121)</package>
        </Required>
        <Dependent type="1" schemaName="systemuser" displayName="User" />
      </MissingDependency>
      <MissingDependency>
        <Required type="1" schemaName="mspp_columnpermissionprofile" displayName="Column Permission Profile" solution="PowerPages_Apps (1.0.2407.8)">
          <package appName="Power Pages Core Package" version="1.0.2409.121">PowerPages_Core (1.0.2409.121)</package>
        </Required>
        <Dependent type="1" schemaName="systemuser" displayName="User" />
      </MissingDependency>
      <MissingDependency>
        <Required type="1" schemaName="mspp_contentsnippet" displayName="Content Snippet" solution="PowerPages_Apps (1.0.2407.8)">
          <package appName="Power Pages Core Package" version="1.0.2409.121">PowerPages_Core (1.0.2409.121)</package>
        </Required>
        <Dependent type="1" schemaName="systemuser" displayName="User" />
      </MissingDependency>
      <MissingDependency>
        <Required type="1" schemaName="mspp_entityform" displayName="Basic Form" solution="PowerPages_Apps (1.0.2407.8)">
          <package appName="Power Pages Core Package" version="1.0.2409.121">PowerPages_Core (1.0.2409.121)</package>
        </Required>
        <Dependent type="1" schemaName="systemuser" displayName="User" />
      </MissingDependency>
      <MissingDependency>
        <Required type="1" schemaName="mspp_entityformmetadata" displayName="Basic Form Metadata" solution="PowerPages_Apps (1.0.2407.8)">
          <package appName="Power Pages Core Package" version="1.0.2409.121">PowerPages_Core (1.0.2409.121)</package>
        </Required>
        <Dependent type="1" schemaName="systemuser" displayName="User" />
      </MissingDependency>
      <MissingDependency>
        <Required type="1" schemaName="mspp_entitylist" displayName="List" solution="PowerPages_Apps (1.0.2407.8)">
          <package appName="Power Pages Core Package" version="1.0.2409.121">PowerPages_Core (1.0.2409.121)</package>
        </Required>
        <Dependent type="1" schemaName="systemuser" displayName="User" />
      </MissingDependency>
      <MissingDependency>
        <Required type="1" schemaName="mspp_entitypermission" displayName="Table Permission" solution="PowerPages_Apps (1.0.2407.8)">
          <package appName="Power Pages Core Package" version="1.0.2409.121">PowerPages_Core (1.0.2409.121)</package>
        </Required>
        <Dependent type="1" schemaName="systemuser" displayName="User" />
      </MissingDependency>
      <MissingDependency>
        <Required type="1" schemaName="mspp_pagetemplate" displayName="Page Template" solution="PowerPages_Apps (1.0.2407.8)">
          <package appName="Power Pages Core Package" version="1.0.2409.121">PowerPages_Core (1.0.2409.121)</package>
        </Required>
        <Dependent type="1" schemaName="systemuser" displayName="User" />
      </MissingDependency>
      <MissingDependency>
        <Required type="1" schemaName="mspp_pollplacement" displayName="Poll Placement" solution="PowerPages_Apps (1.0.2407.8)">
          <package appName="Power Pages Core Package" version="1.0.2409.121">PowerPages_Core (1.0.2409.121)</package>
        </Required>
        <Dependent type="1" schemaName="systemuser" displayName="User" />
      </MissingDependency>
      <MissingDependency>
        <Required type="1" schemaName="mspp_publishingstate" displayName="Publishing State" solution="PowerPages_Apps (1.0.2407.8)">
          <package appName="Power Pages Core Package" version="1.0.2409.121">PowerPages_Core (1.0.2409.121)</package>
        </Required>
        <Dependent type="1" schemaName="systemuser" displayName="User" />
      </MissingDependency>
      <MissingDependency>
        <Required type="1" schemaName="mspp_publishingstatetransitionrule" displayName="Publishing State Transition Rule" solution="PowerPages_Apps (1.0.2407.8)">
          <package appName="Power Pages Core Package" version="1.0.2409.121">PowerPages_Core (1.0.2409.121)</package>
        </Required>
        <Dependent type="1" schemaName="systemuser" displayName="User" />
      </MissingDependency>
      <MissingDependency>
        <Required type="1" schemaName="mspp_redirect" displayName="Redirect" solution="PowerPages_Apps (1.0.2407.8)">
          <package appName="Power Pages Core Package" version="1.0.2409.121">PowerPages_Core (1.0.2409.121)</package>
        </Required>
        <Dependent type="1" schemaName="systemuser" displayName="User" />
      </MissingDependency>
      <MissingDependency>
        <Required type="1" schemaName="mspp_shortcut" displayName="Shortcut" solution="PowerPages_Apps (1.0.2407.8)">
          <package appName="Power Pages Core Package" version="1.0.2409.121">PowerPages_Core (1.0.2409.121)</package>
        </Required>
        <Dependent type="1" schemaName="systemuser" displayName="User" />
      </MissingDependency>
      <MissingDependency>
        <Required type="1" schemaName="mspp_sitemarker" displayName="Site Marker" solution="PowerPages_Apps (1.0.2407.8)">
          <package appName="Power Pages Core Package" version="1.0.2409.121">PowerPages_Core (1.0.2409.121)</package>
        </Required>
        <Dependent type="1" schemaName="systemuser" displayName="User" />
      </MissingDependency>
      <MissingDependency>
        <Required type="1" schemaName="mspp_sitesetting" displayName="Site Setting" solution="PowerPages_Apps (1.0.2407.8)">
          <package appName="Power Pages Core Package" version="1.0.2409.121">PowerPages_Core (1.0.2409.121)</package>
        </Required>
        <Dependent type="1" schemaName="systemuser" displayName="User" />
      </MissingDependency>
      <MissingDependency>
        <Required type="1" schemaName="mspp_webfile" displayName="Web File" solution="PowerPages_Apps (1.0.2407.8)">
          <package appName="Power Pages Core Package" version="1.0.2409.121">PowerPages_Core (1.0.2409.121)</package>
        </Required>
        <Dependent type="1" schemaName="systemuser" displayName="User" />
      </MissingDependency>
      <MissingDependency>
        <Required type="1" schemaName="mspp_webform" displayName="Multistep Form" solution="PowerPages_Apps (1.0.2407.8)">
          <package appName="Power Pages Core Package" version="1.0.2409.121">PowerPages_Core (1.0.2409.121)</package>
        </Required>
        <Dependent type="1" schemaName="systemuser" displayName="User" />
      </MissingDependency>
      <MissingDependency>
        <Required type="1" schemaName="mspp_webformmetadata" displayName="Multistep Form Metadata" solution="PowerPages_Apps (1.0.2407.8)">
          <package appName="Power Pages Core Package" version="1.0.2409.121">PowerPages_Core (1.0.2409.121)</package>
        </Required>
        <Dependent type="1" schemaName="systemuser" displayName="User" />
      </MissingDependency>
      <MissingDependency>
        <Required type="1" schemaName="mspp_webformstep" displayName="Form Step" solution="PowerPages_Apps (1.0.2407.8)">
          <package appName="Power Pages Core Package" version="1.0.2409.121">PowerPages_Core (1.0.2409.121)</package>
        </Required>
        <Dependent type="1" schemaName="systemuser" displayName="User" />
      </MissingDependency>
      <MissingDependency>
        <Required type="1" schemaName="mspp_weblink" displayName="Web Link" solution="PowerPages_Apps (1.0.2407.8)">
          <package appName="Power Pages Core Package" version="1.0.2409.121">PowerPages_Core (1.0.2409.121)</package>
        </Required>
        <Dependent type="1" schemaName="systemuser" displayName="User" />
      </MissingDependency>
      <MissingDependency>
        <Required type="1" schemaName="mspp_weblinkset" displayName="Web Link Set" solution="PowerPages_Apps (1.0.2407.8)">
          <package appName="Power Pages Core Package" version="1.0.2409.121">PowerPages_Core (1.0.2409.121)</package>
        </Required>
        <Dependent type="1" schemaName="systemuser" displayName="User" />
      </MissingDependency>
      <MissingDependency>
        <Required type="1" schemaName="mspp_webpage" displayName="Web Page" solution="PowerPages_Apps (1.0.2407.8)">
          <package appName="Power Pages Core Package" version="1.0.2409.121">PowerPages_Core (1.0.2409.121)</package>
        </Required>
        <Dependent type="1" schemaName="systemuser" displayName="User" />
      </MissingDependency>
      <MissingDependency>
        <Required type="1" schemaName="mspp_webpageaccesscontrolrule" displayName="Web Page Access Control Rule" solution="PowerPages_Apps (1.0.2407.8)">
          <package appName="Power Pages Core Package" version="1.0.2409.121">PowerPages_Core (1.0.2409.121)</package>
        </Required>
        <Dependent type="1" schemaName="systemuser" displayName="User" />
      </MissingDependency>
      <MissingDependency>
        <Required type="1" schemaName="mspp_webrole" displayName="Web Role" solution="PowerPages_Apps (1.0.2407.8)">
          <package appName="Power Pages Core Package" version="1.0.2409.121">PowerPages_Core (1.0.2409.121)</package>
        </Required>
        <Dependent type="1" schemaName="systemuser" displayName="User" />
      </MissingDependency>
      <MissingDependency>
        <Required type="1" schemaName="mspp_website" displayName="Website" solution="PowerPages_Apps (1.0.2407.8)">
          <package appName="Power Pages Core Package" version="1.0.2409.121">PowerPages_Core (1.0.2409.121)</package>
        </Required>
        <Dependent type="1" schemaName="systemuser" displayName="User" />
      </MissingDependency>
      <MissingDependency>
        <Required type="1" schemaName="mspp_websiteaccess" displayName="Website Access" solution="PowerPages_Apps (1.0.2407.8)">
          <package appName="Power Pages Core Package" version="1.0.2409.121">PowerPages_Core (1.0.2409.121)</package>
        </Required>
        <Dependent type="1" schemaName="systemuser" displayName="User" />
      </MissingDependency>
      <MissingDependency>
        <Required type="1" schemaName="mspp_websitelanguage" displayName="Website Language" solution="PowerPages_Apps (1.0.2407.8)">
          <package appName="Power Pages Core Package" version="1.0.2409.121">PowerPages_Core (1.0.2409.121)</package>
        </Required>
        <Dependent type="1" schemaName="systemuser" displayName="User" />
      </MissingDependency>
      <MissingDependency>
        <Required type="1" schemaName="mspp_webtemplate" displayName="Web Template" solution="PowerPages_Apps (1.0.2407.8)">
          <package appName="Power Pages Core Package" version="1.0.2409.121">PowerPages_Core (1.0.2409.121)</package>
        </Required>
        <Dependent type="1" schemaName="systemuser" displayName="User" />
      </MissingDependency>
      <MissingDependency>
        <Required type="1" schemaName="usermobileofflineprofilemembership" displayName="UserMobileOfflineProfileMembership" solution="MobileOfflineMembership (1.0.0.3)">
          <package appName="MobileOfflineExtensionApp Package" version="1.0.0.0">MobileOfflineExtensionApp_Anchor (1.0.0.0)</package>
        </Required>
        <Dependent type="1" schemaName="systemuser" displayName="User" />
      </MissingDependency>
      <MissingDependency>
        <Required type="61" schemaName="msdyn_/Images/AppModule_Default_Icon.png" displayName="msdyn_/Images/AppModule_Default_Icon.png" solution="AppModuleWebResources (2.5)">
          <package appName="AppModule Web Resources Package" version="2.5">AppModuleWebResources (2.5)</package>
        </Required>
        <Dependent type="80" schemaName="krishshr_SmartHR" displayName="SmartHR" />
      </MissingDependency>
      <MissingDependency>
        <Required type="appactionrule" displayName="msdyn_Mscrm.AvailableOnForm!0" solution="msdyn_SystemAppActions (9.1.0.55)" id.uniquename="msdyn_Mscrm.AvailableOnForm!0">
          <package appName="PowerAppsActions Package" version="9.1.0.55">PowerAppsActions_Anchor (9.1.0.55)</package>
        </Required>
        <Dependent type="appaction_appactionrule_classicrules" displayName="appactionid.uniquename=krishshr__Mscrm.Form.%7B!EntityLogicalName%7D.Save!krishshr_SmartHR!krishshr_clientfeedback!0,appactionruleid.uniquename=msdyn_Mscrm.AvailableOnForm!0" id.appactionid.uniquename="krishshr__Mscrm.Form.{!EntityLogicalName}.Save!krishshr_SmartHR!krishshr_clientfeedback!0" id.appactionruleid.uniquename="msdyn_Mscrm.AvailableOnForm!0" />
      </MissingDependency>
      <MissingDependency>
        <Required type="appactionrule" displayName="msdyn_Mscrm.AvailableOnForm!0" solution="msdyn_SystemAppActions (9.1.0.55)" id.uniquename="msdyn_Mscrm.AvailableOnForm!0">
          <package appName="PowerAppsActions Package" version="9.1.0.55">PowerAppsActions_Anchor (9.1.0.55)</package>
        </Required>
        <Dependent type="appaction_appactionrule_classicrules" displayName="appactionid.uniquename=krishshr__Mscrm.Form.%7B!EntityLogicalName%7D.Save!krishshr_SmartHR!krishshr_smarthr!0,appactionruleid.uniquename=msdyn_Mscrm.AvailableOnForm!0" id.appactionid.uniquename="krishshr__Mscrm.Form.{!EntityLogicalName}.Save!krishshr_SmartHR!krishshr_smarthr!0" id.appactionruleid.uniquename="msdyn_Mscrm.AvailableOnForm!0" />
      </MissingDependency>
      <MissingDependency>
        <Required type="appactionrule" displayName="msdyn_Mscrm.CanSavePrimary!0" solution="msdyn_SystemAppActions (9.1.0.55)" id.uniquename="msdyn_Mscrm.CanSavePrimary!0">
          <package appName="PowerAppsActions Package" version="9.1.0.55">PowerAppsActions_Anchor (9.1.0.55)</package>
        </Required>
        <Dependent type="appaction_appactionrule_classicrules" displayName="appactionid.uniquename=krishshr__Mscrm.Form.%7B!EntityLogicalName%7D.Save!krishshr_SmartHR!krishshr_clientfeedback!0,appactionruleid.uniquename=msdyn_Mscrm.CanSavePrimary!0" id.appactionid.uniquename="krishshr__Mscrm.Form.{!EntityLogicalName}.Save!krishshr_SmartHR!krishshr_clientfeedback!0" id.appactionruleid.uniquename="msdyn_Mscrm.CanSavePrimary!0" />
      </MissingDependency>
      <MissingDependency>
        <Required type="appactionrule" displayName="msdyn_Mscrm.CanSavePrimary!0" solution="msdyn_SystemAppActions (9.1.0.55)" id.uniquename="msdyn_Mscrm.CanSavePrimary!0">
          <package appName="PowerAppsActions Package" version="9.1.0.55">PowerAppsActions_Anchor (9.1.0.55)</package>
        </Required>
        <Dependent type="appaction_appactionrule_classicrules" displayName="appactionid.uniquename=krishshr__Mscrm.Form.%7B!EntityLogicalName%7D.Save!krishshr_SmartHR!krishshr_smarthr!0,appactionruleid.uniquename=msdyn_Mscrm.CanSavePrimary!0" id.appactionid.uniquename="krishshr__Mscrm.Form.{!EntityLogicalName}.Save!krishshr_SmartHR!krishshr_smarthr!0" id.appactionruleid.uniquename="msdyn_Mscrm.CanSavePrimary!0" />
      </MissingDependency>
      <MissingDependency>
        <Required type="appactionrule" displayName="msdyn_Mscrm.CanSavePrimaryEntityType!1" solution="msdyn_SystemAppActions (9.1.0.55)" id.uniquename="msdyn_Mscrm.CanSavePrimaryEntityType!1">
          <package appName="PowerAppsActions Package" version="9.1.0.55">PowerAppsActions_Anchor (9.1.0.55)</package>
        </Required>
        <Dependent type="appaction_appactionrule_classicrules" displayName="appactionid.uniquename=krishshr__Mscrm.Form.%7B!EntityLogicalName%7D.Save!krishshr_SmartHR!krishshr_clientfeedback!0,appactionruleid.uniquename=msdyn_Mscrm.CanSavePrimaryEntityType!1" id.appactionid.uniquename="krishshr__Mscrm.Form.{!EntityLogicalName}.Save!krishshr_SmartHR!krishshr_clientfeedback!0" id.appactionruleid.uniquename="msdyn_Mscrm.CanSavePrimaryEntityType!1" />
      </MissingDependency>
      <MissingDependency>
        <Required type="appactionrule" displayName="msdyn_Mscrm.CanSavePrimaryEntityType!1" solution="msdyn_SystemAppActions (9.1.0.55)" id.uniquename="msdyn_Mscrm.CanSavePrimaryEntityType!1">
          <package appName="PowerAppsActions Package" version="9.1.0.55">PowerAppsActions_Anchor (9.1.0.55)</package>
        </Required>
        <Dependent type="appaction_appactionrule_classicrules" displayName="appactionid.uniquename=krishshr__Mscrm.Form.%7B!EntityLogicalName%7D.Save!krishshr_SmartHR!krishshr_smarthr!0,appactionruleid.uniquename=msdyn_Mscrm.CanSavePrimaryEntityType!1" id.appactionid.uniquename="krishshr__Mscrm.Form.{!EntityLogicalName}.Save!krishshr_SmartHR!krishshr_smarthr!0" id.appactionruleid.uniquename="msdyn_Mscrm.CanSavePrimaryEntityType!1" />
      </MissingDependency>
      <MissingDependency>
        <Required type="appactionrule" displayName="msdyn_Mscrm.IsAutoSaveDisable!0" solution="msdyn_SystemAppActions (9.1.0.55)" id.uniquename="msdyn_Mscrm.IsAutoSaveDisable!0">
          <package appName="PowerAppsActions Package" version="9.1.0.55">PowerAppsActions_Anchor (9.1.0.55)</package>
        </Required>
        <Dependent type="appaction_appactionrule_classicrules" displayName="appactionid.uniquename=krishshr__Mscrm.Form.%7B!EntityLogicalName%7D.Save!krishshr_SmartHR!krishshr_clientfeedback!0,appactionruleid.uniquename=msdyn_Mscrm.IsAutoSaveDisable!0" id.appactionid.uniquename="krishshr__Mscrm.Form.{!EntityLogicalName}.Save!krishshr_SmartHR!krishshr_clientfeedback!0" id.appactionruleid.uniquename="msdyn_Mscrm.IsAutoSaveDisable!0" />
      </MissingDependency>
      <MissingDependency>
        <Required type="appactionrule" displayName="msdyn_Mscrm.IsAutoSaveDisable!0" solution="msdyn_SystemAppActions (9.1.0.55)" id.uniquename="msdyn_Mscrm.IsAutoSaveDisable!0">
          <package appName="PowerAppsActions Package" version="9.1.0.55">PowerAppsActions_Anchor (9.1.0.55)</package>
        </Required>
        <Dependent type="appaction_appactionrule_classicrules" displayName="appactionid.uniquename=krishshr__Mscrm.Form.%7B!EntityLogicalName%7D.Save!krishshr_SmartHR!krishshr_smarthr!0,appactionruleid.uniquename=msdyn_Mscrm.IsAutoSaveDisable!0" id.appactionid.uniquename="krishshr__Mscrm.Form.{!EntityLogicalName}.Save!krishshr_SmartHR!krishshr_smarthr!0" id.appactionruleid.uniquename="msdyn_Mscrm.IsAutoSaveDisable!0" />
      </MissingDependency>
      <MissingDependency>
        <Required type="appactionrule" displayName="msdyn_Mscrm.IsEntityAvailableForUserInMocaOffline!0" solution="msdyn_SystemAppActions (9.1.0.55)" id.uniquename="msdyn_Mscrm.IsEntityAvailableForUserInMocaOffline!0">
          <package appName="PowerAppsActions Package" version="9.1.0.55">PowerAppsActions_Anchor (9.1.0.55)</package>
        </Required>
        <Dependent type="appaction_appactionrule_classicrules" displayName="appactionid.uniquename=krishshr__Mscrm.Form.%7B!EntityLogicalName%7D.Save!krishshr_SmartHR!krishshr_clientfeedback!0,appactionruleid.uniquename=msdyn_Mscrm.IsEntityAvailableForUserInMocaOffline!0" id.appactionid.uniquename="krishshr__Mscrm.Form.{!EntityLogicalName}.Save!krishshr_SmartHR!krishshr_clientfeedback!0" id.appactionruleid.uniquename="msdyn_Mscrm.IsEntityAvailableForUserInMocaOffline!0" />
      </MissingDependency>
      <MissingDependency>
        <Required type="appactionrule" displayName="msdyn_Mscrm.IsEntityAvailableForUserInMocaOffline!0" solution="msdyn_SystemAppActions (9.1.0.55)" id.uniquename="msdyn_Mscrm.IsEntityAvailableForUserInMocaOffline!0">
          <package appName="PowerAppsActions Package" version="9.1.0.55">PowerAppsActions_Anchor (9.1.0.55)</package>
        </Required>
        <Dependent type="appaction_appactionrule_classicrules" displayName="appactionid.uniquename=krishshr__Mscrm.Form.%7B!EntityLogicalName%7D.Save!krishshr_SmartHR!krishshr_smarthr!0,appactionruleid.uniquename=msdyn_Mscrm.IsEntityAvailableForUserInMocaOffline!0" id.appactionid.uniquename="krishshr__Mscrm.Form.{!EntityLogicalName}.Save!krishshr_SmartHR!krishshr_smarthr!0" id.appactionruleid.uniquename="msdyn_Mscrm.IsEntityAvailableForUserInMocaOffline!0" />
      </MissingDependency>
      <MissingDependency>
        <Required type="appactionrule" displayName="msdyn_Mscrm.OutlookRenderTypeWeb!1" solution="msdyn_SystemAppActions (9.1.0.55)" id.uniquename="msdyn_Mscrm.OutlookRenderTypeWeb!1">
          <package appName="PowerAppsActions Package" version="9.1.0.55">PowerAppsActions_Anchor (9.1.0.55)</package>
        </Required>
        <Dependent type="appaction_appactionrule_classicrules" displayName="appactionid.uniquename=krishshr__Mscrm.Form.%7B!EntityLogicalName%7D.Save!krishshr_SmartHR!krishshr_clientfeedback!0,appactionruleid.uniquename=msdyn_Mscrm.OutlookRenderTypeWeb!1" id.appactionid.uniquename="krishshr__Mscrm.Form.{!EntityLogicalName}.Save!krishshr_SmartHR!krishshr_clientfeedback!0" id.appactionruleid.uniquename="msdyn_Mscrm.OutlookRenderTypeWeb!1" />
      </MissingDependency>
      <MissingDependency>
        <Required type="appactionrule" displayName="msdyn_Mscrm.OutlookRenderTypeWeb!1" solution="msdyn_SystemAppActions (9.1.0.55)" id.uniquename="msdyn_Mscrm.OutlookRenderTypeWeb!1">
          <package appName="PowerAppsActions Package" version="9.1.0.55">PowerAppsActions_Anchor (9.1.0.55)</package>
        </Required>
        <Dependent type="appaction_appactionrule_classicrules" displayName="appactionid.uniquename=krishshr__Mscrm.Form.%7B!EntityLogicalName%7D.Save!krishshr_SmartHR!krishshr_smarthr!0,appactionruleid.uniquename=msdyn_Mscrm.OutlookRenderTypeWeb!1" id.appactionid.uniquename="krishshr__Mscrm.Form.{!EntityLogicalName}.Save!krishshr_SmartHR!krishshr_smarthr!0" id.appactionruleid.uniquename="msdyn_Mscrm.OutlookRenderTypeWeb!1" />
      </MissingDependency>
      <MissingDependency>
        <Required type="appactionrule" displayName="msdyn_Mscrm.ReadPrimaryPermission!0" solution="msdyn_SystemAppActions (9.1.0.55)" id.uniquename="msdyn_Mscrm.ReadPrimaryPermission!0">
          <package appName="PowerAppsActions Package" version="9.1.0.55">PowerAppsActions_Anchor (9.1.0.55)</package>
        </Required>
        <Dependent type="appaction_appactionrule_classicrules" displayName="appactionid.uniquename=krishshr__Mscrm.Form.%7B!EntityLogicalName%7D.Save!krishshr_SmartHR!krishshr_clientfeedback!0,appactionruleid.uniquename=msdyn_Mscrm.ReadPrimaryPermission!0" id.appactionid.uniquename="krishshr__Mscrm.Form.{!EntityLogicalName}.Save!krishshr_SmartHR!krishshr_clientfeedback!0" id.appactionruleid.uniquename="msdyn_Mscrm.ReadPrimaryPermission!0" />
      </MissingDependency>
      <MissingDependency>
        <Required type="appactionrule" displayName="msdyn_Mscrm.ReadPrimaryPermission!0" solution="msdyn_SystemAppActions (9.1.0.55)" id.uniquename="msdyn_Mscrm.ReadPrimaryPermission!0">
          <package appName="PowerAppsActions Package" version="9.1.0.55">PowerAppsActions_Anchor (9.1.0.55)</package>
        </Required>
        <Dependent type="appaction_appactionrule_classicrules" displayName="appactionid.uniquename=krishshr__Mscrm.Form.%7B!EntityLogicalName%7D.Save!krishshr_SmartHR!krishshr_smarthr!0,appactionruleid.uniquename=msdyn_Mscrm.ReadPrimaryPermission!0" id.appactionid.uniquename="krishshr__Mscrm.Form.{!EntityLogicalName}.Save!krishshr_SmartHR!krishshr_smarthr!0" id.appactionruleid.uniquename="msdyn_Mscrm.ReadPrimaryPermission!0" />
      </MissingDependency>
      <MissingDependency>
        <Required type="SettingDefinition" displayName="AppChannel" solution="msdyn_AppFrameworkInfraExtensions (1.0.0.12)" id.uniquename="AppChannel">
          <package appName="PowerAppsAppFramework Package" version="1.0.0.16">PowerAppsAppFramework_Anchor (1.0.0.16)</package>
        </Required>
        <Dependent type="AppSetting" displayName="parentappmoduleid.uniquename=krishshr_SmartHR,settingdefinitionid.uniquename=AppChannel" id.parentappmoduleid.uniquename="krishshr_SmartHR" id.settingdefinitionid.uniquename="AppChannel" />
      </MissingDependency>
    </MissingDependencies>
  </SolutionManifest>
</ImportExportXml>