<environmentvariabledefinition schemaname="krishshr_AppURL">
  <defaultvalue>https://org3cdf3e15.crm.dynamics.com/main.aspx?appid=33589e42-b2f2-ef11-be20-000d3a4f07d0&amp;pagetype=entitylist&amp;etn=krishshr_smarthr&amp;viewid=5a8cb374-b4f2-ef11-be20-000d3a4f07d0&amp;viewType=1039</defaultvalue>
  <description default="Variable for App link">
    <label description="Variable for App link" languagecode="1033" />
  </description>
  <displayname default="AppURL">
    <label description="AppURL" languagecode="1033" />
  </displayname>
  <introducedversion>1.0.0.0</introducedversion>
  <iscustomizable>1</iscustomizable>
  <isrequired>0</isrequired>
  <secretstore>0</secretstore>
  <type>100000000</type>
</environmentvariabledefinition>