<environmentvariabledefinition schemaname="krishshr_HRManager">
  <defaultvalue>alans@CRM141234.onmicrosoft.com</defaultvalue>
  <description default="Variable for HR Manager Email">
    <label description="Variable for HR Manager Email" languagecode="1033" />
  </description>
  <displayname default="HR Manager">
    <label description="HR Manager" languagecode="1033" />
  </displayname>
  <introducedversion>1.0.0.0</introducedversion>
  <iscustomizable>1</iscustomizable>
  <isrequired>0</isrequired>
  <secretstore>0</secretstore>
  <type>100000000</type>
</environmentvariabledefinition>