{
  "properties": {
    "connectionReferences": {
      "shared_commondataserviceforapps": {
        "runtimeSource": "embedded",
        "connection": {
          "connectionReferenceLogicalName": "krishshr_sharedcommondataserviceforapps_4fddd"
        },
        "api": {
          "name": "shared_commondataserviceforapps"
        }
      },
      "shared_approvals": {
        "runtimeSource": "embedded",
        "connection": {
          "connectionReferenceLogicalName": "crd5b_DocumentApprovalsConnectionReference"
        },
        "api": {
          "name": "shared_approvals"
        }
      },
      "shared_office365": {
        "runtimeSource": "embedded",
        "connection": {
          "connectionReferenceLogicalName": "krishshr_EmailNotification"
        },
        "api": {
          "name": "shared_office365"
        }
      }
    },
    "definition": {
      "$schema": "https://schema.management.azure.com/providers/Microsoft.Logic/schemas/2016-06-01/workflowdefinition.json#",
      "contentVersion": "1.0.0.0",
      "parameters": {
        "$connections": {
          "defaultValue": {},
          "type": "Object"
        },
        "$authentication": {
          "defaultValue": {},
          "type": "SecureObject"
        },
        "HR Group Email (krishshr_HRGroupEmail)": {
          "defaultValue": "KrishTeamHr@CRM141234.onmicrosoft.com",
          "type": "String",
          "metadata": {
            "schemaName": "krishshr_HRGroupEmail",
            "description": "Variable to add HR team group email in the flows for notification"
          }
        },
        "HR Manager (krishshr_HRManager)": {
          "defaultValue": "alans@CRM141234.onmicrosoft.com",
          "type": "String",
          "metadata": {
            "schemaName": "krishshr_HRManager",
            "description": "Variable for HR Manager Email"
          }
        },
        "Developer Team (krishshr_DeveloperTeam)": {
          "defaultValue": "admin@CRM141234.onmicrosoft.com;alans@CRM141234.onmicrosoft.com;carlosg@CRM141234.OnMicrosoft.com",
          "type": "String",
          "metadata": {
            "schemaName": "krishshr_DeveloperTeam"
          }
        }
      },
      "triggers": {
        "When_a_row_is_added,_modified_in_Client_Feedback_table": {
          "metadata": {
            "operationMetadataId": "5d47d34e-0295-4d47-be2a-c0fe393b8871"
          },
          "type": "OpenApiConnectionWebhook",
          "inputs": {
            "host": {
              "connectionName": "shared_commondataserviceforapps",
              "operationId": "SubscribeWebhookTrigger",
              "apiId": "/providers/Microsoft.PowerApps/apis/shared_commondataserviceforapps"
            },
            "parameters": {
              "subscriptionRequest/message": 4,
              "subscriptionRequest/entityname": "krishshr_clientfeedback",
              "subscriptionRequest/scope": 4,
              "subscriptionRequest/filteringattributes": "krishshr_clientfeedback"
            },
            "authentication": "@parameters('$authentication')"
          },
          "description": "When Client Feedback is received and manager creates feedback record"
        }
      },
      "actions": {
        "Initialize_variable_-_Client_Sentiment_Score": {
          "runAfter": {
            "Initialize_variable_-_exitLoop": [
              "Succeeded"
            ]
          },
          "metadata": {
            "operationMetadataId": "bef2d4e9-341c-4b2a-8e05-e541cbfe6688"
          },
          "type": "InitializeVariable",
          "inputs": {
            "variables": [
              {
                "name": "ClientFeedbackScore",
                "type": "string"
              }
            ]
          }
        },
        "Initialize_variable_-_Badge_Keywords": {
          "runAfter": {
            "Initialize_variable_-_Client_Sentiment_Score": [
              "Succeeded"
            ]
          },
          "metadata": {
            "operationMetadataId": "d934da2b-b5da-470e-a5c1-3bf3ef44a058"
          },
          "type": "InitializeVariable",
          "inputs": {
            "variables": [
              {
                "name": "BadgeKeywords",
                "type": "array"
              }
            ]
          }
        },
        "Initialize_variable_-_exitLoop": {
          "runAfter": {},
          "metadata": {
            "operationMetadataId": "a43b8862-0479-4050-8e9a-c5e50d6d0180"
          },
          "type": "InitializeVariable",
          "inputs": {
            "variables": [
              {
                "name": "exitLoop",
                "type": "boolean",
                "value": true
              }
            ]
          }
        },
        "Initialize_variable_-_Badge": {
          "runAfter": {
            "Initialize_variable_-_Badge_Keywords": [
              "Succeeded"
            ]
          },
          "metadata": {
            "operationMetadataId": "8c2ca48d-48cd-4776-9b00-89afae90acc5"
          },
          "type": "InitializeVariable",
          "inputs": {
            "variables": [
              {
                "name": "Badge",
                "type": "string"
              }
            ]
          }
        },
        "Try": {
          "actions": {
            "Analyze_Employee_Feedback": {
              "runAfter": {},
              "metadata": {
                "operationMetadataId": "e9d812e8-7c9e-4d8c-9890-a407d3ecf542",
                "flowSystemMetadata": {
                  "portalOperationId": "aibuilderpredict_sentimentanalysis",
                  "portalOperationGroup": "aibuilder",
                  "portalOperationApiDisplayNameOverride": "AI Builder",
                  "portalOperationIconOverride": "https://content.powerapps.com/resource/makerx/static/pauto/images/designeroperations/aiBuilderNew.51dbdb6b.png",
                  "portalOperationBrandColorOverride": "#0A76C4",
                  "portalOperationApiTierOverride": "Standard"
                }
              },
              "type": "OpenApiConnection",
              "inputs": {
                "host": {
                  "connectionName": "shared_commondataserviceforapps",
                  "operationId": "aibuilderpredict_sentimentanalysis",
                  "apiId": "/providers/Microsoft.PowerApps/apis/shared_commondataserviceforapps"
                },
                "parameters": {
                  "item/requestv2/language": "en",
                  "item/requestv2/text": "@triggerOutputs()?['body/krishshr_clientfeedback']"
                },
                "authentication": "@parameters('$authentication')"
              }
            },
            "Get_employee_name_based_on_GUID_": {
              "runAfter": {
                "Analyze_Employee_Feedback": [
                  "Succeeded"
                ]
              },
              "metadata": {
                "operationMetadataId": "91ac2fa5-5d9e-40d7-806e-a6c89b198df9"
              },
              "type": "OpenApiConnection",
              "inputs": {
                "host": {
                  "connectionName": "shared_commondataserviceforapps",
                  "operationId": "GetItem",
                  "apiId": "/providers/Microsoft.PowerApps/apis/shared_commondataserviceforapps"
                },
                "parameters": {
                  "entityName": "systemusers",
                  "recordId": "@triggerOutputs()?['body/_krishshr_employeename_value']"
                },
                "authentication": "@parameters('$authentication')"
              }
            },
            "Set_variable_-_Employee_Name": {
              "runAfter": {
                "Get_employee_name_based_on_GUID_": [
                  "Succeeded"
                ]
              },
              "metadata": {
                "operationMetadataId": "718caee3-5a81-4118-8a27-92a175f019f7"
              },
              "type": "Compose",
              "inputs": "@outputs('Get_employee_name_based_on_GUID_')?['body/fullname']"
            },
            "Set_variable_-_Client_Feedback_Score": {
              "runAfter": {
                "Set_variable_-_Employee_Name": [
                  "Succeeded"
                ]
              },
              "metadata": {
                "operationMetadataId": "430bde9c-45dc-4171-b75f-e7cede52a9f5"
              },
              "type": "SetVariable",
              "inputs": {
                "name": "ClientFeedbackScore",
                "value": "@{outputs('Analyze_Employee_Feedback')?['body/responsev2/predictionOutput/result/sentences']}"
              }
            },
            "Switch_-_Identifying_sentiments": {
              "runAfter": {
                "Set_variable_-_Client_Feedback_Score": [
                  "Succeeded"
                ]
              },
              "cases": {
                "Case_Positive": {
                  "case": "positive",
                  "actions": {
                    "Update_sentiment_analysis": {
                      "runAfter": {},
                      "metadata": {
                        "operationMetadataId": "3d92ccbb-bb1c-48bc-9dfa-862a1a048b94"
                      },
                      "type": "OpenApiConnection",
                      "inputs": {
                        "host": {
                          "connectionName": "shared_commondataserviceforapps",
                          "operationId": "UpdateOnlyRecord",
                          "apiId": "/providers/Microsoft.PowerApps/apis/shared_commondataserviceforapps"
                        },
                        "parameters": {
                          "entityName": "krishshr_clientfeedbacks",
                          "recordId": "@triggerOutputs()?['body/krishshr_clientfeedbackid']",
                          "item/krishshr_sentimentanalysis": 959460000
                        },
                        "authentication": "@parameters('$authentication')"
                      }
                    },
                    "Start_and_wait_for_badge_approval": {
                      "runAfter": {
                        "Apply_to_each_-_Badges": [
                          "Succeeded"
                        ]
                      },
                      "metadata": {
                        "operationMetadataId": "3b4b70fb-3ae1-423d-815a-40a8a26c96e1"
                      },
                      "type": "OpenApiConnectionWebhook",
                      "inputs": {
                        "host": {
                          "connectionName": "shared_approvals",
                          "operationId": "StartAndWaitForAnApproval",
                          "apiId": "/providers/Microsoft.PowerApps/apis/shared_approvals"
                        },
                        "parameters": {
                          "approvalType": "CustomResponseAwaitAll",
                          "WebhookApprovalCreationInput/responseOptions": [
                            "Approve",
                            "Reject"
                          ],
                          "WebhookApprovalCreationInput/title": "@{outputs('Get_employee_name_based_on_GUID_')?['body/fullname']} has received positive feedback from client",
                          "WebhookApprovalCreationInput/assignedTo": "@{parameters('HR Manager (krishshr_HRManager)')};",
                          "WebhookApprovalCreationInput/details": "Please approve or reject badge: @{variables('Badge')} for employee performance.",
                          "WebhookApprovalCreationInput/enableNotifications": true,
                          "WebhookApprovalCreationInput/enableReassignment": false
                        },
                        "authentication": "@parameters('$authentication')"
                      }
                    },
                    "Condition_-_Checking_HR_approval": {
                      "actions": {
                        "Send_an_email_to_employee": {
                          "runAfter": {
                            "Apply_to_each": [
                              "Succeeded"
                            ]
                          },
                          "metadata": {
                            "operationMetadataId": "246d5bdf-fa96-4255-b282-b1b1b66af4ab"
                          },
                          "type": "OpenApiConnection",
                          "inputs": {
                            "host": {
                              "connectionName": "shared_office365",
                              "operationId": "SendEmailV2",
                              "apiId": "/providers/Microsoft.PowerApps/apis/shared_office365"
                            },
                            "parameters": {
                              "emailMessage/To": "@outputs('Get_employee_name_based_on_GUID_')?['body/internalemailaddress']",
                              "emailMessage/Subject": "🎉 Congratulations @{outputs('Set_variable_-_Employee_Name')}! You Earned a @{variables('Badge')} Badge!",
                              "emailMessage/Body": "<p>Hi @{outputs('Set_variable_-_Employee_Name')},<br>\n<br>\nYou've been awarded the @{variables('Badge')} badge for your recent client feedback. Keep up the great work!<br>\n<br>\nThank you.</p>",
                              "emailMessage/Importance": "Normal"
                            },
                            "authentication": "@parameters('$authentication')"
                          }
                        },
                        "Send_an_email_to_HR_Team": {
                          "runAfter": {
                            "Send_an_email_to_employee": [
                              "Succeeded"
                            ]
                          },
                          "metadata": {
                            "operationMetadataId": "246d5bdf-fa96-4255-b282-b1b1b66af4ab"
                          },
                          "type": "OpenApiConnection",
                          "inputs": {
                            "host": {
                              "connectionName": "shared_office365",
                              "operationId": "SendEmailV2",
                              "apiId": "/providers/Microsoft.PowerApps/apis/shared_office365"
                            },
                            "parameters": {
                              "emailMessage/To": "@parameters('HR Group Email (krishshr_HRGroupEmail)')",
                              "emailMessage/Subject": "Recognition Alert – @{outputs('Set_variable_-_Employee_Name')} Awarded @{variables('Badge')}",
                              "emailMessage/Body": "<p>Dear HR Team,<br>\n    <br>\n    I am pleased to inform you that <strong></strong><strong>@{outputs('Set_variable_-_Employee_Name')}</strong><strong></strong> has been recognized for their outstanding contributions and has been awarded the <strong>@{variables('Badge')}</strong> badge.<br><br>\n \n<strong>Feedback Details:</strong>\n    <table style=\"width:100%; border-collapse: collapse; font-family: Arial, sans-serif;\">      \n      <tr>\n        <td style=\"padding: 8px; border: 1px solid #ddd; background-color: #0078D4; color: white; text-align: left;\"><strong>Employee Name:</strong></td>\n        <td style=\"padding: 8px; border: 1px solid #ddd;\">@{outputs('Set_variable_-_Employee_Name')}</td>\n      </tr>\n      <tr>\n        <td style=\"padding: 8px; border: 1px solid #ddd; background-color: #0078D4; color: white; text-align: left;\"><strong>Badge Awarded:</strong></td>\n        <td style=\"padding: 8px; border: 1px solid #ddd;\">@{variables('Badge')}</td>\n      </tr>\n      <tr>\n        <td style=\"padding: 8px; border: 1px solid #ddd; background-color: #0078D4; color: white; text-align: left;\"><strong>Feedback Received:</strong></td>\n        <td style=\"padding: 8px; border: 1px solid #ddd;\">@{outputs('Update_sentiment_analysis')?['body/krishshr_clientfeedback']}</td>\n      </tr>\n      <tr>\n        <td style=\"padding: 8px; border: 1px solid #ddd; background-color: #0078D4; color: white; text-align: left;\"><strong>Sentiment:</strong></td>\n        <td style=\"padding: 8px; border: 1px solid #ddd;\">@{outputs('Analyze_Employee_Feedback')?['body/responsev2/predictionOutput/result/sentiment']}</td>\n      </tr>\n    </table>\n    <br>\n    Their dedication and commitment to excellence have been highly appreciated, and we would love to ensure this recognition is formally acknowledged. Please take the necessary steps to document and celebrate this achievement.<br>\n    <br>\n    Thank you.</p>",
                              "emailMessage/Importance": "Normal"
                            },
                            "authentication": "@parameters('$authentication')"
                          }
                        },
                        "Apply_to_each": {
                          "foreach": "@outputs('Start_and_wait_for_badge_approval')?['body/responses']",
                          "actions": {
                            "Update_a_row_-_Client_Feedback_Badge_allocation": {
                              "runAfter": {},
                              "metadata": {
                                "operationMetadataId": "65d2fa99-9ff2-4644-b26e-4ac2a444e9bd"
                              },
                              "type": "OpenApiConnection",
                              "inputs": {
                                "host": {
                                  "connectionName": "shared_commondataserviceforapps",
                                  "operationId": "UpdateOnlyRecord",
                                  "apiId": "/providers/Microsoft.PowerApps/apis/shared_commondataserviceforapps"
                                },
                                "parameters": {
                                  "entityName": "krishshr_clientfeedbacks",
                                  "recordId": "@triggerOutputs()?['body/krishshr_clientfeedbackid']",
                                  "item/krishshr_badgeallocated": "@variables('Badge')",
                                  "item/krishshr_hrcomments": "@items('Apply_to_each')?['comments']",
                                  "item/krishshr_isbadgeallocated": true
                                },
                                "authentication": "@parameters('$authentication')"
                              }
                            }
                          },
                          "runAfter": {},
                          "metadata": {
                            "operationMetadataId": "a53e79f4-06b9-4380-97a8-80d287ea1817"
                          },
                          "type": "Foreach"
                        }
                      },
                      "runAfter": {
                        "Start_and_wait_for_badge_approval": [
                          "Succeeded"
                        ]
                      },
                      "else": {
                        "actions": {
                          "Apply_to_each_2": {
                            "foreach": "@outputs('Start_and_wait_for_badge_approval')?['body/responses']",
                            "actions": {
                              "Update_HR_comments_in_Client_Feedback_table": {
                                "runAfter": {},
                                "metadata": {
                                  "operationMetadataId": "65d2fa99-9ff2-4644-b26e-4ac2a444e9bd"
                                },
                                "type": "OpenApiConnection",
                                "inputs": {
                                  "host": {
                                    "connectionName": "shared_commondataserviceforapps",
                                    "operationId": "UpdateOnlyRecord",
                                    "apiId": "/providers/Microsoft.PowerApps/apis/shared_commondataserviceforapps"
                                  },
                                  "parameters": {
                                    "entityName": "krishshr_clientfeedbacks",
                                    "recordId": "@triggerOutputs()?['body/krishshr_clientfeedbackid']",
                                    "item/krishshr_hrcomments": "@items('Apply_to_each_2')?['comments']"
                                  },
                                  "authentication": "@parameters('$authentication')"
                                }
                              }
                            },
                            "runAfter": {},
                            "metadata": {
                              "operationMetadataId": "80ef01f3-f479-409f-a375-1f7b868ae13a"
                            },
                            "type": "Foreach"
                          },
                          "Apply_to_each_3": {
                            "foreach": "@outputs('Start_and_wait_for_badge_approval')?['body/responses']",
                            "actions": {
                              "Send_an_email_(V2)_2": {
                                "runAfter": {},
                                "metadata": {
                                  "operationMetadataId": "246d5bdf-fa96-4255-b282-b1b1b66af4ab"
                                },
                                "type": "OpenApiConnection",
                                "inputs": {
                                  "host": {
                                    "connectionName": "shared_office365",
                                    "operationId": "SendEmailV2",
                                    "apiId": "/providers/Microsoft.PowerApps/apis/shared_office365"
                                  },
                                  "parameters": {
                                    "emailMessage/To": "@parameters('HR Group Email (krishshr_HRGroupEmail)')",
                                    "emailMessage/Subject": "Badge Recommendation Rejected – HR Review Required",
                                    "emailMessage/Body": "<p>Dear HR Team,<br>\n        <br>\nWe wanted to notify you that a badge recommendation has been <strong>rejected</strong> by one of the HR members in the system. Below are the details for your reference:\n<br>\n        <br>\n        <strong>Feedback Details:</strong>\n        <table style=\"width:100%; border-collapse: collapse; font-family: Arial, sans-serif;\">      \n            <tr>\n              <td style=\"padding: 8px; border: 1px solid #ddd; background-color: #0078D4; color: white; text-align: left;\"><strong>Employee Name:</strong></td>\n              <td style=\"padding: 8px; border: 1px solid #ddd;\">@{outputs('Set_variable_-_Employee_Name')}</td>\n            </tr>\n            <tr>\n              <td style=\"padding: 8px; border: 1px solid #ddd; background-color: #0078D4; color: white; text-align: left;\"><strong>Rejection By:</strong></td>\n              <td style=\"padding: 8px; border: 1px solid #ddd;\">@{items('Apply_to_each_3')?['responder/displayName']}</td>\n            </tr>\n<tr>\n              <td style=\"padding: 8px; border: 1px solid #ddd; background-color: #0078D4; color: white; text-align: left;\"><strong>Reason for Rejection:</strong></td>\n              <td style=\"padding: 8px; border: 1px solid #ddd;\">@{items('Apply_to_each_3')?['comments']}</td>\n            </tr>\n          </table>\n        <br>\n       Please review this decision and confirm if any further action is required. Let us know if you would like to reconsider or discuss this case.<br>\n        <br>\n        Thank you.</p>",
                                    "emailMessage/Importance": "Normal"
                                  },
                                  "authentication": "@parameters('$authentication')"
                                }
                              }
                            },
                            "runAfter": {
                              "Apply_to_each_2": [
                                "Succeeded"
                              ]
                            },
                            "metadata": {
                              "operationMetadataId": "d3bbc82f-91f8-4e7f-954e-db6b17198a3c"
                            },
                            "type": "Foreach"
                          }
                        }
                      },
                      "expression": {
                        "equals": [
                          "@outputs('Start_and_wait_for_badge_approval')?['body/outcome']",
                          "Approve"
                        ]
                      },
                      "metadata": {
                        "operationMetadataId": "4d3eb95c-633b-453d-9b82-f449f2a6112e"
                      },
                      "type": "If"
                    },
                    "List_rows_-_get_relevant_badges": {
                      "runAfter": {
                        "Update_sentiment_analysis": [
                          "Succeeded"
                        ]
                      },
                      "metadata": {
                        "operationMetadataId": "9baa79d2-4140-425e-8078-337c4b564d8b"
                      },
                      "type": "OpenApiConnection",
                      "inputs": {
                        "host": {
                          "connectionName": "shared_commondataserviceforapps",
                          "operationId": "ListRecords",
                          "apiId": "/providers/Microsoft.PowerApps/apis/shared_commondataserviceforapps"
                        },
                        "parameters": {
                          "entityName": "krishshr_badgeses",
                          "$filter": "krishshr_sentimentscore le @{outputs('Analyze_Employee_Feedback')?['body']?['responsev2']?['predictionOutput']?['result']?['sentences']?[0]?['sentenceScores']?['positive']}"
                        },
                        "authentication": "@parameters('$authentication')"
                      }
                    },
                    "Apply_to_each_-_Badges": {
                      "foreach": "@outputs('List_rows_-_get_relevant_badges')?['body/value']",
                      "actions": {
                        "Compose": {
                          "runAfter": {},
                          "metadata": {
                            "operationMetadataId": "d75bf1d1-4280-45e2-a6c1-68ef8cd1967c"
                          },
                          "type": "Compose",
                          "inputs": "@items('Apply_to_each_-_Badges')?['krishshr_criteria']"
                        },
                        "Compose_-_Split_Keywords": {
                          "runAfter": {
                            "Compose": [
                              "Succeeded"
                            ]
                          },
                          "metadata": {
                            "operationMetadataId": "496257f2-9a93-4e18-96b1-c122e788c0f5"
                          },
                          "type": "Compose",
                          "inputs": "@split(outputs('Compose'),',')"
                        },
                        "Set_variable_-_keywords": {
                          "runAfter": {
                            "Compose_-_Split_Keywords": [
                              "Succeeded"
                            ]
                          },
                          "metadata": {
                            "operationMetadataId": "57a6a6ba-eda4-491a-8a9a-4c54533d9e6a"
                          },
                          "type": "SetVariable",
                          "inputs": {
                            "name": "BadgeKeywords",
                            "value": "@outputs('Compose_-_Split_Keywords')"
                          }
                        },
                        "Condition_-_Exit_loop_if_badge_is_assigned": {
                          "actions": {
                            "Apply_to_each_-_Keywords": {
                              "foreach": "@variables('BadgeKeywords')",
                              "actions": {
                                "Condition_-_Exit_loop_if_keyword_found": {
                                  "actions": {
                                    "Condition_-_check_if_first_any_keyword_present": {
                                      "actions": {
                                        "Set_badge": {
                                          "runAfter": {},
                                          "metadata": {
                                            "operationMetadataId": "a33f3f1b-284a-4093-94cb-806a7f3657bb"
                                          },
                                          "type": "SetVariable",
                                          "inputs": {
                                            "name": "Badge",
                                            "value": "@items('Apply_to_each_-_Badges')?['krishshr_badge']"
                                          }
                                        },
                                        "Set_exitLoop": {
                                          "runAfter": {
                                            "Set_badge": [
                                              "Succeeded"
                                            ]
                                          },
                                          "metadata": {
                                            "operationMetadataId": "350b1d6b-2e2c-46cf-af2a-ecb49fa83de9"
                                          },
                                          "type": "SetVariable",
                                          "inputs": {
                                            "name": "exitLoop",
                                            "value": false
                                          }
                                        }
                                      },
                                      "runAfter": {},
                                      "expression": {
                                        "contains": [
                                          "@triggerOutputs()?['body/krishshr_clientfeedback']",
                                          "@items('Apply_to_each_-_Keywords')"
                                        ]
                                      },
                                      "metadata": {
                                        "operationMetadataId": "52ab9670-4994-4ac9-9595-4321ed219ba9"
                                      },
                                      "type": "If"
                                    }
                                  },
                                  "runAfter": {},
                                  "expression": {
                                    "equals": [
                                      "@variables('exitLoop')",
                                      true
                                    ]
                                  },
                                  "metadata": {
                                    "operationMetadataId": "39ce3ae9-85c3-4dd9-85b1-7ffd32ee7806"
                                  },
                                  "type": "If"
                                }
                              },
                              "runAfter": {},
                              "metadata": {
                                "operationMetadataId": "cf68a279-e6b6-4b91-ba6b-92e27e00e000"
                              },
                              "type": "Foreach"
                            }
                          },
                          "runAfter": {
                            "Set_variable_-_keywords": [
                              "Succeeded"
                            ]
                          },
                          "expression": {
                            "equals": [
                              "@variables('exitLoop')",
                              true
                            ]
                          },
                          "metadata": {
                            "operationMetadataId": "ff5729f9-a716-4a80-ae01-8e060dd046b0"
                          },
                          "type": "If"
                        }
                      },
                      "runAfter": {
                        "List_rows_-_get_relevant_badges": [
                          "Succeeded"
                        ]
                      },
                      "metadata": {
                        "operationMetadataId": "6a412e37-13c6-4933-b10a-411c54d7cc61"
                      },
                      "type": "Foreach"
                    }
                  }
                },
                "Case_Negative": {
                  "case": "negative",
                  "actions": {
                    "Update_negative_sentiments": {
                      "runAfter": {},
                      "metadata": {
                        "operationMetadataId": "1bc61944-23af-496f-99ed-209b30a73f3e"
                      },
                      "type": "OpenApiConnection",
                      "inputs": {
                        "host": {
                          "connectionName": "shared_commondataserviceforapps",
                          "operationId": "UpdateOnlyRecord",
                          "apiId": "/providers/Microsoft.PowerApps/apis/shared_commondataserviceforapps"
                        },
                        "parameters": {
                          "entityName": "krishshr_clientfeedbacks",
                          "recordId": "@triggerOutputs()?['body/krishshr_clientfeedbackid']",
                          "item/krishshr_sentimentanalysis": 959460001
                        },
                        "authentication": "@parameters('$authentication')"
                      }
                    },
                    "Send_an_email_to_manager_on_negative_feedback": {
                      "runAfter": {
                        "Update_negative_sentiments": [
                          "Succeeded"
                        ]
                      },
                      "metadata": {
                        "operationMetadataId": "85083be1-8d98-4999-a8d8-16fd835d4780"
                      },
                      "type": "OpenApiConnection",
                      "inputs": {
                        "host": {
                          "connectionName": "shared_office365",
                          "operationId": "SendEmailV2",
                          "apiId": "/providers/Microsoft.PowerApps/apis/shared_office365"
                        },
                        "parameters": {
                          "emailMessage/To": "@parameters('HR Manager (krishshr_HRManager)')",
                          "emailMessage/Subject": "Attention Required – Negative Feedback Received for @{outputs('Set_variable_-_Employee_Name')}",
                          "emailMessage/Body": "<p>Dear Managers,<br>\n        <br>\n        I wanted to bring to your attention that we have received negative feedback regarding @{outputs('Set_variable_-_Employee_Name')} from @{triggerOutputs()?['body/krishshr_client']}.<br>\n        <br>\n        <strong>Feedback Details:</strong>\n        <table style=\"width:100%; border-collapse: collapse; font-family: Arial, sans-serif;\">      \n            <tr>\n              <td style=\"padding: 8px; border: 1px solid #ddd; background-color: #0078D4; color: white; text-align: left;\"><strong>Employee Name:</strong></td>\n              <td style=\"padding: 8px; border: 1px solid #ddd;\">@{outputs('Set_variable_-_Employee_Name')}</td>\n            </tr>\n            <tr>\n              <td style=\"padding: 8px; border: 1px solid #ddd; background-color: #0078D4; color: white; text-align: left;\"><strong>Feedback Received:</strong></td>\n              <td style=\"padding: 8px; border: 1px solid #ddd;\">@{outputs('Analyze_Employee_Feedback')?['body/responsev2/predictionOutput/result/sentiment']}</td>\n            </tr>\n            <tr>\n              <td style=\"padding: 8px; border: 1px solid #ddd; background-color: #0078D4; color: white; text-align: left;\"><strong>Date of Feedback:</strong></td>\n              <td style=\"padding: 8px; border: 1px solid #ddd;\">@{utcNow()}</td>\n            </tr>\n            <tr>\n              <td style=\"padding: 8px; border: 1px solid #ddd; background-color: #0078D4; color: white; text-align: left;\"><strong>Client Feedback:</strong></td>\n              <td style=\"padding: 8px; border: 1px solid #ddd;\">@{triggerOutputs()?['body/krishshr_clientfeedback']}</td>\n            </tr>\n          </table>\n        <br>\n        To ensure continuous improvement, it would be beneficial to review this feedback and take appropriate actions. Kindly look into the matter and suggest any necessary steps for resolution, whether it be additional training, process improvements, or a follow-up discussion.<br>\n        <br>\n        Thank you.</p>",
                          "emailMessage/Importance": "High"
                        },
                        "authentication": "@parameters('$authentication')"
                      }
                    }
                  }
                }
              },
              "default": {
                "actions": {
                  "Update_neutral_sentiments": {
                    "runAfter": {},
                    "metadata": {
                      "operationMetadataId": "85821496-74af-4564-9e40-20db5b7533ed"
                    },
                    "type": "OpenApiConnection",
                    "inputs": {
                      "host": {
                        "connectionName": "shared_commondataserviceforapps",
                        "operationId": "UpdateOnlyRecord",
                        "apiId": "/providers/Microsoft.PowerApps/apis/shared_commondataserviceforapps"
                      },
                      "parameters": {
                        "entityName": "krishshr_clientfeedbacks",
                        "recordId": "@triggerOutputs()?['body/krishshr_clientfeedbackid']",
                        "item/krishshr_sentimentanalysis": 959460002
                      },
                      "authentication": "@parameters('$authentication')"
                    }
                  },
                  "Send_an_email_to_Manager_on_client_Feedback": {
                    "runAfter": {
                      "Update_neutral_sentiments": [
                        "Succeeded"
                      ]
                    },
                    "metadata": {
                      "operationMetadataId": "5218a5e5-f4a5-4708-8e66-4b7d9237ea3a"
                    },
                    "type": "OpenApiConnection",
                    "inputs": {
                      "host": {
                        "connectionName": "shared_office365",
                        "operationId": "SendEmailV2",
                        "apiId": "/providers/Microsoft.PowerApps/apis/shared_office365"
                      },
                      "parameters": {
                        "emailMessage/To": "@parameters('HR Manager (krishshr_HRManager)')",
                        "emailMessage/Subject": "Employee Feedback Review – @{outputs('Set_variable_-_Employee_Name')}",
                        "emailMessage/Body": "<p>Hi Managers,<br>\n<br>\nWe have received neutral feedback regarding @{outputs('Set_variable_-_Employee_Name')} from the @{triggerOutputs()?['body/krishshr_client']}. While the feedback does not indicate a strong positive or negative sentiment, it presents an opportunity for review and potential improvement.<br>\n<br>\n<strong>Feedback Details:</strong>\n        <table style=\"width:100%; border-collapse: collapse; font-family: Arial, sans-serif;\">      \n            <tr>\n              <td style=\"padding: 8px; border: 1px solid #ddd; background-color: #0078D4; color: white; text-align: left;\"><strong>Employee Name:</strong></td>\n              <td style=\"padding: 8px; border: 1px solid #ddd;\">@{outputs('Set_variable_-_Employee_Name')}</td>\n            </tr>\n            <tr>\n              <td style=\"padding: 8px; border: 1px solid #ddd; background-color: #0078D4; color: white; text-align: left;\"><strong>Feedback Received:</strong></td>\n              <td style=\"padding: 8px; border: 1px solid #ddd;\">@{outputs('Analyze_Employee_Feedback')?['body/responsev2/predictionOutput/result/sentiment']}</td>\n            </tr>\n            <tr>\n              <td style=\"padding: 8px; border: 1px solid #ddd; background-color: #0078D4; color: white; text-align: left;\"><strong>Date of Feedback:</strong></td>\n              <td style=\"padding: 8px; border: 1px solid #ddd;\">@{utcNow()}</td>\n            </tr>\n            <tr>\n              <td style=\"padding: 8px; border: 1px solid #ddd; background-color: #0078D4; color: white; text-align: left;\"><strong>Client Feedback:</strong></td>\n              <td style=\"padding: 8px; border: 1px solid #ddd;\">@{triggerOutputs()?['body/krishshr_clientfeedback']}</td>\n            </tr>\n          </table>\n<br>\nIt may be beneficial to assess this feedback to identify any areas for enhancement or acknowledgment. Please let us know if any further action is required.<br>\n<br>\nI would like to share feedback regarding .<br>\n@{outputs('Set_variable_-_Employee_Name')} has recieved Neutral feedback from client<br>\n<br>\nThank you.</p>",
                        "emailMessage/Importance": "Normal"
                      },
                      "authentication": "@parameters('$authentication')"
                    }
                  }
                }
              },
              "expression": "@outputs('Analyze_Employee_Feedback')?['body/responsev2/predictionOutput/result/sentiment']",
              "metadata": {
                "operationMetadataId": "50c800ca-c542-43c3-be11-f07228f82071"
              },
              "type": "Switch",
              "description": "To redirect the flow based on sentiments"
            }
          },
          "runAfter": {
            "Initialize_variable_-_Badge": [
              "Succeeded"
            ]
          },
          "metadata": {
            "operationMetadataId": "8502b4e1-eb18-4b50-a07e-17953d931f47"
          },
          "type": "Scope"
        },
        "Catch": {
          "actions": {
            "Send_notification_to_Developer_team": {
              "runAfter": {},
              "metadata": {
                "operationMetadataId": "613b86ff-76db-41b5-9491-9cd4b5e91f27"
              },
              "type": "OpenApiConnection",
              "inputs": {
                "host": {
                  "connectionName": "shared_office365",
                  "operationId": "SendEmailV2",
                  "apiId": "/providers/Microsoft.PowerApps/apis/shared_office365"
                },
                "parameters": {
                  "emailMessage/To": "@parameters('Developer Team (krishshr_DeveloperTeam)')",
                  "emailMessage/Subject": "Power Automate Flow Failure Alert: ClientFeedbackAndNotifyHR",
                  "emailMessage/Body": "<p>The following flow has been terminated<br>\n<br>\n⚠ Flow Execution Failed:<br>\n🔹 Flow Name: ClientFeedbackAndNotifyHR<br>\n🔹 Error Time: @{utcNow()}<br>\n🔹 Flow URL: @{concat('<a href=\"https://make.powerapps.com/environments/', workflow()?['tags']['environmentName'], '/solutions/', '76af0346-7af2-ef11-be20-000d3a4f07d0', '/objects/cloudflows/', '8456e6a8-00f4-ef11-be20-000d3a4f07d0', '/view\">Click here</a>')}<br>\n<br>\nPlease resolve the issue so that, no feedback goes unobserved.&nbsp;</p>",
                  "emailMessage/Importance": "Normal"
                },
                "authentication": "@parameters('$authentication')"
              }
            }
          },
          "runAfter": {
            "Try": [
              "Failed",
              "Skipped",
              "TimedOut"
            ]
          },
          "metadata": {
            "operationMetadataId": "796ff921-e024-4acc-a79e-15fa476397ca"
          },
          "type": "Scope"
        }
      }
    },
    "templateName": ""
  },
  "schemaVersion": "1.0.0.0"
}