{
  "properties": {
    "connectionReferences": {
      "shared_commondataserviceforapps": {
        "runtimeSource": "embedded",
        "connection": {
          "connectionReferenceLogicalName": "krishshr_sharedcommondataserviceforapps_4fddd"
        },
        "api": {
          "name": "shared_commondataserviceforapps"
        }
      },
      "shared_office365": {
        "runtimeSource": "embedded",
        "connection": {
          "connectionReferenceLogicalName": "krishshr_EmailNotification"
        },
        "api": {
          "name": "shared_office365"
        }
      }
    },
    "definition": {
      "$schema": "https://schema.management.azure.com/providers/Microsoft.Logic/schemas/2016-06-01/workflowdefinition.json#",
      "contentVersion": "1.0.0.0",
      "parameters": {
        "$connections": {
          "defaultValue": {},
          "type": "Object"
        },
        "$authentication": {
          "defaultValue": {},
          "type": "SecureObject"
        },
        "HR Group Email (krishshr_HRGroupEmail)": {
          "defaultValue": "KrishTeamHr@CRM141234.onmicrosoft.com",
          "type": "String",
          "metadata": {
            "schemaName": "krishshr_HRGroupEmail",
            "description": "Variable to add HR team group email in the flows for notification"
          }
        },
        "Developer Team (krishshr_DeveloperTeam)": {
          "defaultValue": "admin@CRM141234.onmicrosoft.com;alans@CRM141234.onmicrosoft.com;carlosg@CRM141234.OnMicrosoft.com",
          "type": "String",
          "metadata": {
            "schemaName": "krishshr_DeveloperTeam"
          }
        }
      },
      "triggers": {
        "When_a_Record_added_or_Modified_in_SmartHR_Table": {
          "metadata": {
            "operationMetadataId": "c460217e-9d1f-4009-bcf2-8f219503623a"
          },
          "type": "OpenApiConnectionWebhook",
          "inputs": {
            "host": {
              "connectionName": "shared_commondataserviceforapps",
              "operationId": "SubscribeWebhookTrigger",
              "apiId": "/providers/Microsoft.PowerApps/apis/shared_commondataserviceforapps"
            },
            "parameters": {
              "subscriptionRequest/message": 4,
              "subscriptionRequest/entityname": "krishshr_smarthr",
              "subscriptionRequest/scope": 4,
              "subscriptionRequest/filteringattributes": "krishshr_feedback"
            },
            "authentication": "@parameters('$authentication')"
          }
        }
      },
      "actions": {
        "Try": {
          "actions": {
            "Analyse_the_feedback_sentence": {
              "runAfter": {},
              "metadata": {
                "operationMetadataId": "df069c55-c3b2-4a47-9f02-660a8f5ef296",
                "flowSystemMetadata": {
                  "portalOperationApiDisplayNameOverride": "AI Builder",
                  "portalOperationIconOverride": "https://content.powerapps.com/resource/makerx/static/pauto/images/designeroperations/aiBuilderNew.51dbdb6b.png",
                  "portalOperationBrandColorOverride": "#0A76C4",
                  "portalOperationApiTierOverride": "Standard",
                  "portalOperationId": "aibuilderpredict_sentimentanalysis",
                  "portalOperationGroup": "aibuilder"
                }
              },
              "type": "OpenApiConnection",
              "inputs": {
                "host": {
                  "connectionName": "shared_commondataserviceforapps",
                  "operationId": "aibuilderpredict_sentimentanalysis",
                  "apiId": "/providers/Microsoft.PowerApps/apis/shared_commondataserviceforapps"
                },
                "parameters": {
                  "item/requestv2/language": "en",
                  "item/requestv2/text": "@triggerOutputs()?['body/krishshr_feedback']"
                },
                "authentication": "@parameters('$authentication')"
              }
            },
            "Get_a_row_by_ID": {
              "runAfter": {
                "Analyse_the_feedback_sentence": [
                  "Succeeded"
                ]
              },
              "metadata": {
                "operationMetadataId": "31791e4b-ce41-4cbd-a9bd-c48f6743d39f"
              },
              "type": "OpenApiConnection",
              "inputs": {
                "host": {
                  "connectionName": "shared_commondataserviceforapps",
                  "operationId": "GetItem",
                  "apiId": "/providers/Microsoft.PowerApps/apis/shared_commondataserviceforapps"
                },
                "parameters": {
                  "entityName": "systemusers",
                  "recordId": "@triggerOutputs()?['body/_krishshr_employeename_value']"
                },
                "authentication": "@parameters('$authentication')"
              }
            },
            "Switch": {
              "runAfter": {
                "Get_a_row_by_ID": [
                  "Succeeded"
                ]
              },
              "cases": {
                "Feedback_is_Positive": {
                  "case": "positive",
                  "actions": {
                    "Updating_SmartHr_table_for_Positive_Sentiment": {
                      "runAfter": {},
                      "metadata": {
                        "operationMetadataId": "284e9e3a-9510-496e-8ed8-a6deee04122c"
                      },
                      "type": "OpenApiConnection",
                      "inputs": {
                        "host": {
                          "connectionName": "shared_commondataserviceforapps",
                          "operationId": "UpdateOnlyRecord",
                          "apiId": "/providers/Microsoft.PowerApps/apis/shared_commondataserviceforapps"
                        },
                        "parameters": {
                          "entityName": "krishshr_smarthrs",
                          "recordId": "@triggerOutputs()?['body/krishshr_smarthrid']",
                          "item/krishshr_sentimentallabel": 959460000,
                          "item/krishshr_sentimentscore": "@outputs('Analyse_the_feedback_sentence')?['body/responsev2/predictionOutput/result/documentScores/positive']"
                        },
                        "authentication": "@parameters('$authentication')"
                      },
                      "description": "Updating sentimental label to Positive"
                    },
                    "Send_an_email_(V2)": {
                      "runAfter": {
                        "Updating_SmartHr_table_for_Positive_Sentiment": [
                          "Succeeded"
                        ]
                      },
                      "metadata": {
                        "operationMetadataId": "461edbe8-b179-4fd1-9ab2-a66b05e601cf"
                      },
                      "type": "OpenApiConnection",
                      "inputs": {
                        "host": {
                          "connectionName": "shared_office365",
                          "operationId": "SendEmailV2",
                          "apiId": "/providers/Microsoft.PowerApps/apis/shared_office365"
                        },
                        "parameters": {
                          "emailMessage/To": "@parameters('HR Group Email (krishshr_HRGroupEmail)')",
                          "emailMessage/Subject": "@{outputs('Get_a_row_by_ID')?['body/fullname']} has submitted probably a positive feedback",
                          "emailMessage/Body": "<p>Hi Team,<br>\n<br>\nWe have an employee's feedback<br>\n<br>\nName: @{outputs('Get_a_row_by_ID')?['body/fullname']}<br>\nFeedback: @{triggerOutputs()?['body/krishshr_feedback']}<br>\nSentiment Label:<span style=\"color: rgb(65,168,95)\"> </span><span style=\"color: rgb(65,168,95)\">@{toUpper(outputs('Analyse_the_feedback_sentence')?['body/responsev2/predictionOutput/result/sentiment'])}</span><span style=\"color: rgb(65,168,95)\"></span><br>\nSentiment Score:<span style=\"color: rgb(65,168,95)\"> </span><span style=\"color: rgb(65,168,95)\">@{outputs('Updating_SmartHr_table_for_Positive_Sentiment')?['body/krishshr_sentimentscore']}</span><span style=\"color: rgb(65,168,95)\"></span><br>\n<br>\nThis feedback is probably positive.<br>\n<br>\nThank you</p>",
                          "emailMessage/Importance": "Normal"
                        },
                        "authentication": "@parameters('$authentication')"
                      }
                    }
                  }
                },
                "Feedback_is_Negative": {
                  "case": "negative",
                  "actions": {
                    "Updating_SmartHR_table_record_for_Negative_Sentiment": {
                      "runAfter": {},
                      "metadata": {
                        "operationMetadataId": "3cc7a18a-48e9-4ed4-b5fb-6808a8b7ad66"
                      },
                      "type": "OpenApiConnection",
                      "inputs": {
                        "host": {
                          "connectionName": "shared_commondataserviceforapps",
                          "operationId": "UpdateOnlyRecord",
                          "apiId": "/providers/Microsoft.PowerApps/apis/shared_commondataserviceforapps"
                        },
                        "parameters": {
                          "entityName": "krishshr_smarthrs",
                          "recordId": "@triggerOutputs()?['body/krishshr_smarthrid']",
                          "item/krishshr_sentimentallabel": 959460001,
                          "item/krishshr_sentimentscore": "@outputs('Analyse_the_feedback_sentence')?['body/responsev2/predictionOutput/result/documentScores/negative']"
                        },
                        "authentication": "@parameters('$authentication')"
                      },
                      "description": "Updating sentimental label to Negetive"
                    },
                    "Email_to_HR_team_after_Employee_submits_a_feedback_-_Negative": {
                      "runAfter": {
                        "Updating_SmartHR_table_record_for_Negative_Sentiment": [
                          "Succeeded"
                        ]
                      },
                      "metadata": {
                        "operationMetadataId": "bc2bb79d-7e2a-453a-b05d-24a851be8a90"
                      },
                      "type": "OpenApiConnection",
                      "inputs": {
                        "host": {
                          "connectionName": "shared_office365",
                          "operationId": "SendEmailV2",
                          "apiId": "/providers/Microsoft.PowerApps/apis/shared_office365"
                        },
                        "parameters": {
                          "emailMessage/To": "@parameters('HR Group Email (krishshr_HRGroupEmail)')",
                          "emailMessage/Subject": "@{outputs('Get_a_row_by_ID')?['body/fullname']} has submitted probably a negative feedback",
                          "emailMessage/Body": "<p>Hi Team,<br>\n<br>\nWe have an employee's feedback<br>\n<br>\nName: @{outputs('Get_a_row_by_ID')?['body/fullname']}<br>\nFeedback: @{triggerOutputs()?['body/krishshr_feedback']}<br>\nSentiment Label: <span style=\"color: rgb(235,107,86)\"></span><span style=\"color: rgb(235,107,86)\">@{toUpper(outputs('Analyse_the_feedback_sentence')?['body/responsev2/predictionOutput/result/sentiment'])}</span><span style=\"color: rgb(235,107,86)\"></span><br>\nSentiment Score: <span style=\"color: rgb(226,80,65)\"></span><span style=\"color: rgb(226,80,65)\">@{outputs('Updating_SmartHR_table_record_for_Negative_Sentiment')?['body/krishshr_sentimentscore']}</span><span style=\"color: rgb(226,80,65)\"></span><br>\n<br>\nThis feedback is probably negative. Recommended action is to have 1:1 with the employee.<br>\n<br>\nThank you</p>",
                          "emailMessage/Importance": "Normal"
                        },
                        "authentication": "@parameters('$authentication')"
                      }
                    }
                  }
                }
              },
              "default": {
                "actions": {
                  "Updating_SmartHR_table_record_for_Indecisive_Sentiment": {
                    "runAfter": {},
                    "metadata": {
                      "operationMetadataId": "44979b23-e1b3-4f0d-8b8e-9be1dd2d6e3a"
                    },
                    "type": "OpenApiConnection",
                    "inputs": {
                      "host": {
                        "connectionName": "shared_commondataserviceforapps",
                        "operationId": "UpdateOnlyRecord",
                        "apiId": "/providers/Microsoft.PowerApps/apis/shared_commondataserviceforapps"
                      },
                      "parameters": {
                        "entityName": "krishshr_smarthrs",
                        "recordId": "@triggerOutputs()?['body/krishshr_smarthrid']",
                        "item/krishshr_sentimentallabel": 959460002,
                        "item/krishshr_sentimentscore": "@outputs('Analyse_the_feedback_sentence')?['body/responsev2/predictionOutput/result/documentScores/neutral']"
                      },
                      "authentication": "@parameters('$authentication')"
                    }
                  },
                  "Feedback_notification_to_HR_-_Indecisive": {
                    "runAfter": {
                      "Updating_SmartHR_table_record_for_Indecisive_Sentiment": [
                        "Succeeded"
                      ]
                    },
                    "metadata": {
                      "operationMetadataId": "a0cfc2f9-d5fe-4e5e-831e-2abbf7659bc6"
                    },
                    "type": "OpenApiConnection",
                    "inputs": {
                      "host": {
                        "connectionName": "shared_office365",
                        "operationId": "SendEmailV2",
                        "apiId": "/providers/Microsoft.PowerApps/apis/shared_office365"
                      },
                      "parameters": {
                        "emailMessage/To": "@parameters('HR Group Email (krishshr_HRGroupEmail)')",
                        "emailMessage/Subject": "@{outputs('Get_a_row_by_ID')?['body/fullname']} has submitted indecisive feedback",
                        "emailMessage/Body": "<p>Hi Team,<br>\n<br>\nWe have an employee's feedback<br>\n<br>\nName:<span style=\"color: rgb(251,160,38)\"> </span><span style=\"color: rgb(44,130,201)\"></span><span style=\"color: rgb(44,130,201)\">@{outputs('Get_a_row_by_ID')?['body/fullname']}</span><span style=\"color: rgb(44,130,201)\"></span><br>\nFeedback:<span style=\"color: rgb(251,160,38)\"> </span><span style=\"color: rgb(44,130,201)\">@{triggerOutputs()?['body/krishshr_feedback']}</span><span style=\"color: rgb(44,130,201)\"></span><br>\n<br>\nThis feedback is indecisive. Please take necessary action if required.<br>\n<br>\nThank you</p>",
                        "emailMessage/Importance": "Normal"
                      },
                      "authentication": "@parameters('$authentication')"
                    }
                  }
                }
              },
              "expression": "@outputs('Analyse_the_feedback_sentence')?['body/responsev2/predictionOutput/result/sentiment']",
              "metadata": {
                "operationMetadataId": "f3be3663-c803-49a0-947a-49803aa768b1"
              },
              "type": "Switch"
            }
          },
          "runAfter": {},
          "metadata": {
            "operationMetadataId": "cfe32681-0462-4077-a431-ed3159450436"
          },
          "type": "Scope"
        },
        "Catch": {
          "actions": {
            "Send_notification_to_Developer_team": {
              "runAfter": {},
              "metadata": {
                "operationMetadataId": "852fee2d-5876-41ce-84b7-0a26cb321f3e"
              },
              "type": "OpenApiConnection",
              "inputs": {
                "host": {
                  "connectionName": "shared_office365",
                  "operationId": "SendEmailV2",
                  "apiId": "/providers/Microsoft.PowerApps/apis/shared_office365"
                },
                "parameters": {
                  "emailMessage/To": "@parameters('Developer Team (krishshr_DeveloperTeam)')",
                  "emailMessage/Subject": "Power Automate Flow Failure Alert: SentimentAnalysis",
                  "emailMessage/Body": "<p>Hello Team,<br>\n<br>\nThe following flow has been terminated<br>\n⚠ Flow Execution Failed:<br>\n🔹 Flow Name: SentimentAnalysis<br>\n🔹 Error Time: @{utcNow()}<br>\n🔹 Flow URL: @{concat('<a href=\"https://make.powerapps.com/environments/', workflow()?['tags']['environmentName'], '/solutions/', '76af0346-7af2-ef11-be20-000d3a4f07d0', '/objects/cloudflows/', 'f38f19f0-6af3-ef11-be20-000d3a4f07d0', '/view\">Click here</a>')}<br>\n<br>\nPlease resolve the issue so that, no feedback goes unobserved. </p>",
                  "emailMessage/Importance": "Normal"
                },
                "authentication": "@parameters('$authentication')"
              }
            }
          },
          "runAfter": {
            "Try": [
              "TimedOut",
              "Skipped",
              "Failed"
            ]
          },
          "metadata": {
            "operationMetadataId": "b00225cd-4a89-4e97-a9b8-d71533f7a5b6"
          },
          "type": "Scope"
        }
      },
      "outputs": {}
    },
    "templateName": ""
  },
  "schemaVersion": "1.0.0.0"
}