{
  "properties": {
    "connectionReferences": {
      "shared_office365": {
        "runtimeSource": "embedded",
        "connection": {
          "connectionReferenceLogicalName": "krishshr_EmailNotification"
        },
        "api": {
          "name": "shared_office365"
        }
      },
      "shared_commondataserviceforapps": {
        "runtimeSource": "embedded",
        "connection": {
          "connectionReferenceLogicalName": "krishshr_sharedcommondataserviceforapps_4fddd"
        },
        "api": {
          "name": "shared_commondataserviceforapps"
        }
      }
    },
    "definition": {
      "$schema": "https://schema.management.azure.com/providers/Microsoft.Logic/schemas/2016-06-01/workflowdefinition.json#",
      "contentVersion": "1.0.0.0",
      "parameters": {
        "$connections": {
          "defaultValue": {},
          "type": "Object"
        },
        "$authentication": {
          "defaultValue": {},
          "type": "SecureObject"
        },
        "Developer Team (krishshr_DeveloperTeam)": {
          "defaultValue": "admin@CRM141234.onmicrosoft.com;alans@CRM141234.onmicrosoft.com;carlosg@CRM141234.OnMicrosoft.com",
          "type": "String",
          "metadata": {
            "schemaName": "krishshr_DeveloperTeam"
          }
        },
        "HR Group Email (krishshr_HRGroupEmail)": {
          "defaultValue": "KrishTeamHr@CRM141234.onmicrosoft.com",
          "type": "String",
          "metadata": {
            "schemaName": "krishshr_HRGroupEmail",
            "description": "Variable to add HR team group email in the flows for notification"
          }
        }
      },
      "triggers": {
        "When_a_row_is_added,_modified_or_deleted": {
          "metadata": {
            "operationMetadataId": "dacf7359-0afe-42df-9096-a7403add5721"
          },
          "type": "OpenApiConnectionWebhook",
          "inputs": {
            "host": {
              "connectionName": "shared_commondataserviceforapps",
              "operationId": "SubscribeWebhookTrigger",
              "apiId": "/providers/Microsoft.PowerApps/apis/shared_commondataserviceforapps"
            },
            "parameters": {
              "subscriptionRequest/message": 3,
              "subscriptionRequest/entityname": "krishshr_clientfeedback",
              "subscriptionRequest/scope": 4,
              "subscriptionRequest/filteringattributes": "krishshr_hrcomments"
            },
            "authentication": "@parameters('$authentication')"
          },
          "conditions": [
            {
              "expression": "@equals(triggerBody()?['krishshr_hrinteractionrequired'], 'Yes')"
            }
          ]
        }
      },
      "actions": {
        "Try": {
          "actions": {
            "Send_an_email_notification_to_HR_team": {
              "runAfter": {
                "Send_an_email_notification_to_Manager": [
                  "Succeeded"
                ]
              },
              "metadata": {
                "operationMetadataId": "83e7db30-0dcc-417d-a27a-9b2af344e21f"
              },
              "type": "OpenApiConnection",
              "inputs": {
                "host": {
                  "connectionName": "shared_office365",
                  "operationId": "SendEmailV2",
                  "apiId": "/providers/Microsoft.PowerApps/apis/shared_office365"
                },
                "parameters": {
                  "emailMessage/To": "@parameters('HR Group Email (krishshr_HRGroupEmail)')",
                  "emailMessage/Subject": "Conflict Resolution Update – Client Feedback Issue Resolved",
                  "emailMessage/Body": "<p>Dear <strong>HR Team</strong>,<br>\n<br>\nI hope you are doing well.<br>\nThis is to inform you that the reported conflict regarding the <strong>negative client feedback</strong> on @{triggerOutputs()?['body/krishshr_client']} has been reviewed and resolved. Below are the details:<br>\n<strong>Employee(s) Involved</strong>: @{outputs('Get_a_row_by_ID_to_fetch_Employee_Name')?['body/fullname']}<br>\n<strong>Hr Comments</strong>: @{triggerOutputs()?['body/krishshr_hrcomments']}<br>\n<br>\nIf there are any further concerns or follow-ups required, please feel free to reach out.<br>\n<br>\nThank You<br>\nHR Team</p>",
                  "emailMessage/Importance": "Normal"
                },
                "authentication": "@parameters('$authentication')"
              }
            },
            "Get_a_row_by_ID_to_fetch_Created_By": {
              "runAfter": {},
              "metadata": {
                "operationMetadataId": "485c29c9-99a4-479b-acd6-73655b462865"
              },
              "type": "OpenApiConnection",
              "inputs": {
                "host": {
                  "connectionName": "shared_commondataserviceforapps",
                  "operationId": "GetItem",
                  "apiId": "/providers/Microsoft.PowerApps/apis/shared_commondataserviceforapps"
                },
                "parameters": {
                  "entityName": "systemusers",
                  "recordId": "@triggerOutputs()?['body/_createdby_value']"
                },
                "authentication": "@parameters('$authentication')"
              }
            },
            "Send_an_email_notification_to_Manager": {
              "runAfter": {
                "Get_a_row_by_ID_to_fetch_Employee_Name": [
                  "Succeeded"
                ]
              },
              "metadata": {
                "operationMetadataId": "564052a8-4aa3-4066-9299-2f2cc8dd2584"
              },
              "type": "OpenApiConnection",
              "inputs": {
                "host": {
                  "connectionName": "shared_office365",
                  "operationId": "SendEmailV2",
                  "apiId": "/providers/Microsoft.PowerApps/apis/shared_office365"
                },
                "parameters": {
                  "emailMessage/To": "@outputs('Get_a_row_by_ID_to_fetch_Created_By')?['body/internalemailaddress']",
                  "emailMessage/Subject": "Conflict Resolution Update – Client Feedback Issue Resolved",
                  "emailMessage/Body": "<p><strong>Dear Manager</strong>,<br>\n<br>\nI hope you are doing well.<br>\nThis is to inform you that the reported conflict regarding the <strong>negative client feedback</strong> on @{triggerOutputs()?['body/krishshr_client']} has been reviewed and resolved. Below are the details:<br>\n<strong>Employee(s) Involved:</strong> @{outputs('Get_a_row_by_ID_to_fetch_Employee_Name')?['body/fullname']}<br>\n<strong>Hr Comments:</strong> @{triggerOutputs()?['body/krishshr_hrcomments']}<br>\n<br>\nIf there are any further concerns or follow-ups required, please feel free to reach out.<br>\n<br>\nThank You<br>\nHR Team</p>",
                  "emailMessage/Importance": "Normal"
                },
                "authentication": "@parameters('$authentication')"
              }
            },
            "Get_a_row_by_ID_to_fetch_Employee_Name": {
              "runAfter": {
                "Get_a_row_by_ID_to_fetch_Created_By": [
                  "Succeeded"
                ]
              },
              "metadata": {
                "operationMetadataId": "9c8877bd-fb24-4bd1-8490-001a721f3834"
              },
              "type": "OpenApiConnection",
              "inputs": {
                "host": {
                  "connectionName": "shared_commondataserviceforapps",
                  "operationId": "GetItem",
                  "apiId": "/providers/Microsoft.PowerApps/apis/shared_commondataserviceforapps"
                },
                "parameters": {
                  "entityName": "systemusers",
                  "recordId": "@triggerOutputs()?['body/_krishshr_employeename_value']"
                },
                "authentication": "@parameters('$authentication')"
              }
            }
          },
          "runAfter": {},
          "metadata": {
            "operationMetadataId": "87306b20-60d6-4d12-a42a-f22708efd373"
          },
          "type": "Scope"
        },
        "Catch": {
          "actions": {
            "Send_notification_to_Developer_team": {
              "runAfter": {},
              "metadata": {
                "operationMetadataId": "12c5d7e6-4bc5-4af9-aacf-1a71922c58a2"
              },
              "type": "OpenApiConnection",
              "inputs": {
                "host": {
                  "connectionName": "shared_office365",
                  "operationId": "SendEmailV2",
                  "apiId": "/providers/Microsoft.PowerApps/apis/shared_office365"
                },
                "parameters": {
                  "emailMessage/To": "@parameters('Developer Team (krishshr_DeveloperTeam)')",
                  "emailMessage/Subject": "Power Automate Flow Failure Alert: HRFeedback",
                  "emailMessage/Body": "<p class=\"editor-paragraph\">The following flow has been terminated</p><br><p class=\"editor-paragraph\">⚠ Flow Execution Failed:<br>🔹 Flow Name: HRFeedback<br><br>🔹 Error Time: @{utcNow()}<br><br>🔹 Flow URL: @{concat('<a href=\"https://make.powerapps.com/environments/',\r\n  workflow()?['tags']['environmentName'],\r\n  '/solutions/',\r\n  '76af0346-7af2-ef11-be20-000d3a4f07d0',  \r\n  '/objects/cloudflows/',\r\n  '52674cf0-31f4-ef11-be20-000d3a4f07d0',\r\n  '/view\">Click here</a>')}</p><br><p class=\"editor-paragraph\">Please resolve the issue so that, no feedback goes unobserved.</p>",
                  "emailMessage/Importance": "Normal"
                },
                "authentication": "@parameters('$authentication')"
              }
            }
          },
          "runAfter": {
            "Try": [
              "TimedOut",
              "Failed",
              "Skipped"
            ]
          },
          "metadata": {
            "operationMetadataId": "fcb6e4d5-2536-49e2-b612-b7f1ed896349"
          },
          "type": "Scope"
        }
      }
    },
    "templateName": ""
  },
  "schemaVersion": "1.0.0.0"
}