{
  "properties": {
    "connectionReferences": {
      "shared_commondataserviceforapps": {
        "runtimeSource": "embedded",
        "connection": {
          "connectionReferenceLogicalName": "krishshr_sharedcommondataserviceforapps_4fddd"
        },
        "api": {
          "name": "shared_commondataserviceforapps"
        }
      },
      "shared_office365": {
        "runtimeSource": "embedded",
        "connection": {
          "connectionReferenceLogicalName": "krishshr_EmailNotification"
        },
        "api": {
          "name": "shared_office365"
        }
      }
    },
    "definition": {
      "$schema": "https://schema.management.azure.com/providers/Microsoft.Logic/schemas/2016-06-01/workflowdefinition.json#",
      "contentVersion": "1.0.0.0",
      "parameters": {
        "$connections": {
          "defaultValue": {},
          "type": "Object"
        },
        "$authentication": {
          "defaultValue": {},
          "type": "SecureObject"
        },
        "AppURL (krishshr_AppURL)": {
          "defaultValue": "https://org3cdf3e15.crm.dynamics.com/main.aspx?appid=33589e42-b2f2-ef11-be20-000d3a4f07d0&pagetype=entitylist&etn=krishshr_smarthr&viewid=5a8cb374-b4f2-ef11-be20-000d3a4f07d0&viewType=1039",
          "type": "String",
          "metadata": {
            "schemaName": "krishshr_AppURL",
            "description": "Variable for App link"
          }
        },
        "HR Group Email (krishshr_HRGroupEmail)": {
          "defaultValue": "KrishTeamHr@CRM141234.onmicrosoft.com",
          "type": "String",
          "metadata": {
            "schemaName": "krishshr_HRGroupEmail",
            "description": "Variable to add HR team group email in the flows for notification"
          }
        },
        "HR Manager (krishshr_HRManager)": {
          "defaultValue": "alans@CRM141234.onmicrosoft.com",
          "type": "String",
          "metadata": {
            "schemaName": "krishshr_HRManager",
            "description": "Variable for HR Manager Email"
          }
        },
        "Developer Team (krishshr_DeveloperTeam)": {
          "defaultValue": "admin@CRM141234.onmicrosoft.com;alans@CRM141234.onmicrosoft.com;carlosg@CRM141234.OnMicrosoft.com",
          "type": "String",
          "metadata": {
            "schemaName": "krishshr_DeveloperTeam"
          }
        }
      },
      "triggers": {
        "When_a_Manager_provided_a_feedback": {
          "metadata": {
            "operationMetadataId": "0831eea2-2ab5-4300-9359-65c8fba956eb"
          },
          "type": "OpenApiConnectionWebhook",
          "inputs": {
            "host": {
              "connectionName": "shared_commondataserviceforapps",
              "operationId": "SubscribeWebhookTrigger",
              "apiId": "/providers/Microsoft.PowerApps/apis/shared_commondataserviceforapps"
            },
            "parameters": {
              "subscriptionRequest/message": 3,
              "subscriptionRequest/entityname": "krishshr_clientfeedback",
              "subscriptionRequest/scope": 4,
              "subscriptionRequest/filteringattributes": "krishshr_managerfeedback,krishshr_hrinteractionrequired"
            },
            "authentication": "@parameters('$authentication')"
          },
          "conditions": [
            {
              "expression": "@or(not(equals(triggerBody()?['krishshr_managerfeedback'], triggerBody()?['krishshr_managerfeedback@odata.oldValue'])), not(equals(triggerBody()?['krishshr_hrinteractionrequired'], triggerBody()?['krishshr_hrinteractionrequired@odata.oldValue'])))"
            }
          ]
        }
      },
      "actions": {
        "Initialize_variable_-_Is_HR_Interaction_Required": {
          "runAfter": {},
          "metadata": {
            "operationMetadataId": "e79d4ca8-5818-4b1d-9d3a-83f2ad886344"
          },
          "type": "InitializeVariable",
          "inputs": {
            "variables": [
              {
                "name": " IsHRInteractionRequired",
                "type": "boolean",
                "value": false
              }
            ]
          }
        },
        "Try": {
          "actions": {
            "Get_a_row_by_ID": {
              "runAfter": {},
              "metadata": {
                "operationMetadataId": "46555846-31ff-4a12-96dd-15affaad1816"
              },
              "type": "OpenApiConnection",
              "inputs": {
                "host": {
                  "connectionName": "shared_commondataserviceforapps",
                  "operationId": "GetItem",
                  "apiId": "/providers/Microsoft.PowerApps/apis/shared_commondataserviceforapps"
                },
                "parameters": {
                  "entityName": "systemusers",
                  "recordId": "@triggerOutputs()?['body/_krishshr_employeename_value']"
                },
                "authentication": "@parameters('$authentication')"
              }
            },
            "Condition_-_HR_Interaction_Required": {
              "actions": {
                "Set_variable_Notify_HR": {
                  "runAfter": {},
                  "metadata": {
                    "operationMetadataId": "697bfe1e-53c6-46ef-9f01-f6568d285df7"
                  },
                  "type": "SetVariable",
                  "inputs": {
                    "name": " IsHRInteractionRequired",
                    "value": true
                  }
                }
              },
              "runAfter": {
                "Get_a_row_by_ID": [
                  "Succeeded"
                ]
              },
              "else": {
                "actions": {
                  "Send_an_email_to_HR_team": {
                    "runAfter": {},
                    "metadata": {
                      "operationMetadataId": "151d0153-3f89-4349-80cd-0daa532b0b7d"
                    },
                    "type": "OpenApiConnection",
                    "inputs": {
                      "host": {
                        "connectionName": "shared_office365",
                        "operationId": "SendEmailV2",
                        "apiId": "/providers/Microsoft.PowerApps/apis/shared_office365"
                      },
                      "parameters": {
                        "emailMessage/To": "@parameters('HR Group Email (krishshr_HRGroupEmail)')",
                        "emailMessage/Subject": "Manager Feedback on @{outputs('Get_a_row_by_ID')?['body/fullname']}",
                        "emailMessage/Body": "<p>Hi HR Team,<br>\n<br>\nI hope you are doing well.<br>\n<br>\nI would like to share feedback regarding @{outputs('Get_a_row_by_ID')?['body/fullname']}<br>\n<br>\nEmployee Feedback:<br>\n@{triggerOutputs()?['body/krishshr_employeefeedback']}<br>\n<br>\n<br>\nManager Feedback:<br>\n@{triggerOutputs()?['body/krishshr_managerfeedback']}<br>\n<br>\n<br>\nThank You!<br>\n😊</p>",
                        "emailMessage/Importance": "Normal"
                      },
                      "authentication": "@parameters('$authentication')"
                    }
                  }
                }
              },
              "expression": {
                "equals": [
                  "@triggerOutputs()?['body/krishshr_hrinteractionrequired']",
                  959460000
                ]
              },
              "metadata": {
                "operationMetadataId": "730d0bed-5529-4955-bc4f-e14068d41902"
              },
              "type": "If"
            },
            "Condition_-_Validate_Feedback_and_Notify_HR": {
              "actions": {
                "Send_an_email_to_HR": {
                  "runAfter": {},
                  "metadata": {
                    "operationMetadataId": "e629f677-01b9-4f9f-b5cc-0ade32867abe"
                  },
                  "type": "OpenApiConnection",
                  "inputs": {
                    "host": {
                      "connectionName": "shared_office365",
                      "operationId": "SendEmailV2",
                      "apiId": "/providers/Microsoft.PowerApps/apis/shared_office365"
                    },
                    "parameters": {
                      "emailMessage/To": "@parameters('HR Manager (krishshr_HRManager)')",
                      "emailMessage/Subject": "Manager Feedback about @{outputs('Get_a_row_by_ID')?['body/fullname']}",
                      "emailMessage/Body": "<p>Hi HR Team,<br>\n<br>\nI hope you are doing well.<br>\n<br>\nI would like to share feedback regarding @{outputs('Get_a_row_by_ID')?['body/fullname']}<br>\n<br>\nEmployee Feedback:<br>\n@{triggerOutputs()?['body/krishshr_employeefeedback']}<br>\n<br>\n<br>\nManager Feedback:<br>\n@{triggerOutputs()?['body/krishshr_managerfeedback']}<br>\n<br>\nPlease click here @{parameters('AppURL (krishshr_AppURL)')} to View the details<br>\nThank You!<br>\n😊<br>\n<br>\n<br>\n<br>\n<br>\n<br>\n</p>",
                      "emailMessage/Importance": "Normal"
                    },
                    "authentication": "@parameters('$authentication')"
                  }
                }
              },
              "runAfter": {
                "Condition_-_HR_Interaction_Required": [
                  "Succeeded"
                ]
              },
              "expression": {
                "and": [
                  {
                    "equals": [
                      "@triggerOutputs()?['body/krishshr_sentimentanslysis']",
                      959460001
                    ]
                  },
                  {
                    "not": {
                      "equals": [
                        "@triggerOutputs()?['body/krishshr_managerfeedback']",
                        "@null"
                      ]
                    }
                  },
                  {
                    "equals": [
                      "@variables(' IsHRInteractionRequired')",
                      "@true"
                    ]
                  }
                ]
              },
              "metadata": {
                "operationMetadataId": "0c35a03e-5e64-48bd-8c01-2ede2311011c"
              },
              "type": "If"
            }
          },
          "runAfter": {
            "Initialize_variable_-_Is_HR_Interaction_Required": [
              "Succeeded"
            ]
          },
          "metadata": {
            "operationMetadataId": "57cb0755-31a1-44b0-9a9c-dd0ddccf4d85"
          },
          "type": "Scope"
        },
        "Catch": {
          "actions": {
            "Send_notification_to_Developer_team": {
              "runAfter": {},
              "metadata": {
                "operationMetadataId": "5d3d0aaa-2150-4912-a021-4b420a626401"
              },
              "type": "OpenApiConnection",
              "inputs": {
                "host": {
                  "connectionName": "shared_office365",
                  "operationId": "SendEmailV2",
                  "apiId": "/providers/Microsoft.PowerApps/apis/shared_office365"
                },
                "parameters": {
                  "emailMessage/To": "@parameters('Developer Team (krishshr_DeveloperTeam)')",
                  "emailMessage/Subject": "Power Automate Flow Failure Alert: ManagerFeedbackAndNotifyHR",
                  "emailMessage/Body": "<p>The following flow has been terminated<br>\n<br>\n⚠ Flow Execution Failed:<br>\n🔹 Flow Name: ManagerFeedbackAndNotifyHR<br>\n🔹 Error Time: @{utcNow()}<br>\n🔹 Flow URL: @{concat('<a href=\"https://make.powerapps.com/environments/', workflow()?['tags']['environmentName'], '/solutions/', '76af0346-7af2-ef11-be20-000d3a4f07d0', '/objects/cloudflows/', 'eab7f48d-22f4-ef11-be20-000d3a4f07d0', '/view\">Click here</a>')}<br>\n<br>\nPlease resolve the issue so that, no feedback goes unobserved.&nbsp;</p>",
                  "emailMessage/Importance": "Normal"
                },
                "authentication": "@parameters('$authentication')"
              }
            }
          },
          "runAfter": {
            "Try": [
              "Failed",
              "Skipped",
              "TimedOut"
            ]
          },
          "metadata": {
            "operationMetadataId": "5eb07826-e4e7-4197-9e4a-c4e1c8ebce5a"
          },
          "type": "Scope"
        }
      }
    },
    "templateName": ""
  },
  "schemaVersion": "1.0.0.0"
}