<environmentvariabledefinition schemaname="krishshr_DeveloperTeam">
  <defaultvalue>admin@CRM141234.onmicrosoft.com;alans@CRM141234.onmicrosoft.com;carlosg@CRM141234.OnMicrosoft.com</defaultvalue>
  <displayname default="Developer Team">
    <label description="Developer Team" languagecode="1033" />
  </displayname>
  <introducedversion>1.0.0.0</introducedversion>
  <iscustomizable>1</iscustomizable>
  <isrequired>0</isrequired>
  <secretstore>0</secretstore>
  <type>100000000</type>
</environmentvariabledefinition>